RFC,Sexo,Nombre,Apellidos,Edad,Peso[kg],Estatura[cm],Pulso[bpm],Presion[mmHg],Temperatura[C],Globulos_rojos[millones/mm3],Globulos_blancos[mm3],Plaquetas[mm3],Plasma[mL/kg],Glucosa[mg/dL],Acido_lactico[mg/dL]
OIAE220402I88,hombre,Emiliano,Zapata Ruiz,0,3.65,49,104,81/58,37.2,4.87,7214,254832,35,77,7
SAEU890417A1U,hombre,Luis,Montoya Muñoz,33,74.10,180,92,114/62,37.6,4.63,4752,198717,40,74,9
VAST770629AK8,hombre,Jose,Torres Flores,45,79.29,181,77,131/79,37.1,5.09,6072,216668,28,85,10
OEIP050622QZQ,hombre,Jose,Cisneros Diaz,17,62.55,176,82,99/61,37.4,4.73,6476,316044,34,81,10
AURT9011210XG,mujer,Ximena,Caro Garcia,32,60.12,163,84,105/70,37.2,4.74,4334,331738,36,108,15
DAAE52062869J,hombre,Pedro,Cortes Chan,70,88.81,187,82,140/80,35.9,4.75,5102,237251,34,85,10
EAOM130503LKD,hombre,Juan,Cortes Angel,9,43.43,146,99,108/67,35.4,5.34,5927,221382,30,87,11
AUOS650627C0T,mujer,Samantha,Garcia Bernardino,57,65.97,168,77,121/79,36.9,4.56,6770,232175,35,95,9
OAMD700912X7V,mujer,Itzel,Santiago Urias,52,60.32,163,80,128/87,36.7,4.84,4816,247246,34,104,7
EATS171211Ñ2R,hombre,Iker,Martinez Gonzalez,5,18.78,108,95,99/49,37.4,4.70,6535,211514,28,76,13
OASV021106CL7,mujer,Victoria,Serrato Espinoza,20,57.28,162,82,110/78,37.2,4.98,5332,246243,36,87,10
REEC221015O1Z,hombre,Liam,Licona Lopez,0,3.42,48,103,69/50,36.6,5.03,4660,157981,32,76,11
OIQR151002V0N,mujer,Samara,Vazquez Gutierrez,7,19.92,119,90,101/63,36.8,4.19,8274,227983,34,85,14
CASA000220KPK,hombre,Mauricio,Ruiz De la rosa,22,95.08,189,74,114/69,36.5,4.99,6470,176077,34,77,13
QEIO18082116X,hombre,Joel,Sanchez Rodriguez,4,17.29,104,105,107/55,36.2,4.45,7611,206283,35,87,10
RERE7711030GR,mujer,Camila,Morales Navarrete,45,58.03,163,86,121/79,36.6,4.72,6111,338495,37,89,13
DEES0104066GA,hombre,Liam,Cabrera Rivera,21,88.11,186,75,103/75,36.8,5.49,7069,240143,32,85,10
AANA190512AX4,hombre,Ulises,Valerio Rodriguez,3,16.75,101,103,94/58,35.6,4.60,5405,237649,32,81,12
EAAT070818U9Ñ,hombre,Emiliano,Duran Gatica,15,57.55,167,86,99/61,37.3,5.46,4259,272625,36,75,9
PUVT82092735D,hombre,Jesus,Nava Medina,40,71.13,177,98,109/67,36.9,5.20,7886,233505,36,91,8
AORO910526UCM,mujer,Dayana,Valles Sosa,31,59.03,163,91,123/72,37.0,4.42,5776,205878,38,70,9
EEIS770830BAH,hombre,Diego,Cardenas Gonzalez,45,71.11,175,83,141/83,37.1,4.53,6781,195901,40,97,12
HEOA180901GNA,mujer,Sofia,Alvarez Hernandez,4,19.79,104,91,86/59,36.4,4.59,5783,228973,36,100,11
SEEO691206S7L,mujer,Ana,Ruiz Aguilar,53,56.60,162,97,118/82,37.4,4.05,8471,241970,29,91,12
DOHI86021866V,mujer,Elizabeth,Bautista Reyes,36,64.56,169,95,101/74,36.7,4.69,8630,260194,35,76,10
OENU1801047KV,hombre,Nicolas,Santiz Villeda,4,16.43,103,113,111/43,36.4,5.40,6751,250705,30,84,9
NIEE991013S77,hombre,Juan,Hernandez Lopez,23,63.85,172,87,107/68,37.3,5.28,5120,220481,27,85,12
EUEZ840419UCX,hombre,Angel,Puente Calderon,38,69.67,177,85,121/67,37.3,4.97,7626,150993,32,85,12
SERC900523DUG,hombre,Jose,Oropeza Trejo,32,54.56,166,76,113/68,36.9,5.42,8233,166819,31,84,15
IEND920313WRP,mujer,Danna,Arias Llamas,30,58.01,164,73,118/73,37.2,4.39,9435,296657,41,86,9
MALO1104114SS,mujer,Alejandra,Reyes Delgado,11,34.02,138,91,84/56,37.1,4.31,6306,366421,39,89,9
RATR790912YZD,hombre,Carlos,Flores Caballero,43,80.28,182,78,127/77,36.8,4.88,5865,171410,29,71,13
NEEU9912311N9,hombre,Jose,Reza Reyes,23,61.62,172,74,108/76,37.3,4.86,5344,265709,32,83,8
OOLE3904277YM,mujer,Frida,Morales Hernandez,83,58.51,166,92,123/74,35.9,4.25,6142,298123,42,95,15
IEOA790108ÑKT,mujer,Lucero,Jaime Angeles,43,45.95,152,84,136/85,37.3,4.38,5372,348442,34,94,9
RENB980215GP5,mujer,Yamilet,Fuentes Romero,24,66.48,168,83,121/68,37.0,5.10,9288,277570,34,97,11
RENT0803032A1,mujer,Maria,Rodriguez Arreguin,14,44.03,157,79,101/56,37.2,4.65,4840,323126,39,84,11
AONT140927KNU,mujer,Lia,Rios Ramirez,8,28.54,130,106,97/53,37.1,4.24,5274,319271,31,93,13
UETO041026TGS,mujer,Sofia,Lopez Vargas,18,62.70,166,88,101/59,37.4,4.82,6569,296316,34,67,11
RATO5604019KW,hombre,Juan,Duran Ayala,66,56.99,165,73,113/87,36.3,5.32,4650,182176,28,98,16
EEIS630125VEU,hombre,Kevin,Mendez De leon,59,73.18,177,90,133/78,37.5,5.14,6959,191349,37,81,14
EEIE800127CHE,mujer,Isabella,Rojas Miranda,42,59.45,163,68,124/77,37.1,4.62,6142,212396,34,89,9
CENE400707B59,hombre,Samuel,Muñoz Sifuentes,82,61.22,167,65,127/81,36.7,5.00,9045,290925,30,92,12
TARS191008F8D,hombre,Maximiliano,Reyes Mendoza,3,15.76,96,86,89/48,36.2,4.53,7237,187287,34,97,11
EUNO801220BQ7,mujer,Ximena,Mauricio Hernandez,42,56.78,161,90,144/80,37.0,4.87,5816,204070,36,93,10
AAEE770529MZP,hombre,Rodrigo,Fonseca Espinoza,45,77.20,181,98,134/75,37.0,4.65,4589,260932,27,83,12
OIRR040622WBH,mujer,Regina,Lara Martinez,18,65.49,166,84,108/51,36.7,4.72,4859,313980,29,105,11
EETB590703E4R,hombre,Jesus,Colin Marquez,63,64.12,170,67,126/89,37.0,5.02,8029,202012,38,90,16
LEVE771018L76,mujer,Renata,Hernandez Gaspar,45,59.13,160,73,115/74,36.9,4.64,7712,341996,35,99,6
EAJE870922RGB,mujer,Alexandra,Pulido Cauich,35,42.79,151,83,103/66,36.9,4.96,6072,266469,40,87,14
DOSR82092042H,hombre,Jose,Hinojosa Godinez,40,80.49,180,77,118/61,36.7,4.66,6507,216537,35,92,14
UAOS180430K5U,hombre,Jesus,Caballero Perez,4,16.80,103,96,108/47,37.2,4.64,8375,285405,29,67,10
AOAI451222CKP,mujer,Ximena,Rodriguez Astorga,77,58.66,164,85,107/75,36.9,4.17,5849,220274,36,95,10
ROCE810821MRL,mujer,Aylin,Romero Martinez,41,66.75,168,71,135/78,36.8,4.46,6786,200245,33,84,11
EIDP060919J0F,mujer,Miranda,Morales Martinez,16,50.50,163,71,99/73,36.8,4.86,5153,331332,38,93,15
LEOC171214SDV,hombre,Miguel,Ortega Victoria,5,18.87,109,96,85/68,37.3,4.77,7016,165240,35,89,9
IOEA570207KJA,mujer,Melissa,Merino Perez,65,60.41,159,62,122/86,37.3,4.39,6902,309883,38,86,10
AEET950330X41,mujer,Regina,Ventura Jimenez,27,58.44,163,80,109/71,37.2,4.88,7390,274928,32,83,13
IIVU051213CV3,hombre,Matias,Navarrete Garcia,17,67.42,177,81,107/68,37.4,4.97,9122,190534,35,70,14
IEQO1206300P6,hombre,Ethan,Paz Islas,10,34.02,139,94,98/75,35.9,5.35,4266,220553,42,89,9
OERR040415K4U,hombre,Alexander,Carvajal Ruiz,18,60.60,173,92,106/66,37.2,5.32,6750,216712,32,98,12
DIUI050220DSD,hombre,Mario,Castro Mondragon,17,72.69,179,79,112/80,36.8,5.15,7474,241655,29,80,8
SAUE1704306VA,mujer,Karime,Luna Morales,5,18.89,107,100,112/63,36.2,4.79,5033,284593,31,90,8
SOTT681003T0I,hombre,Adolfo,De la cruz Cortes,54,79.57,179,79,140/81,36.3,4.67,4679,244589,35,88,10
RAEO970403VOW,hombre,Ian,Santos Lopez,25,66.05,175,76,128/73,37.4,4.73,6526,268008,33,83,10
AARM060321M5U,hombre,Samuel,Arcos Lopez,16,59.76,173,74,117/68,36.7,5.41,8866,276533,31,94,9
AEMG421116ÑU6,mujer,Kimberly,Hernandez Martinez,80,53.77,155,87,104/90,36.8,4.58,4403,256145,33,80,15
QEME801101SQB,mujer,Arlette,Vazquez Lara,42,85.46,174,89,130/79,37.1,5.07,6346,216296,32,84,10
NIOS571115EKL,hombre,Alexis,Martinez Rivera,65,78.23,185,77,128/81,37.0,5.43,5625,164799,31,82,7
SEIA150725NZ6,mujer,Ivanna,Orozco Alejandro,7,20.68,116,76,98/66,36.4,5.09,6817,216183,39,98,10
UIIN7906106HD,mujer,Sofia,Villanueva Reyes,43,59.81,163,100,130/77,37.1,4.61,5327,282316,34,91,10
IADV1610011TL,mujer,Tania,Cuellar Vargas,6,20.29,112,93,113/60,36.8,4.73,3770,220267,33,105,11
EADD721128RML,hombre,Jesus,Hipolito Davila,50,71.47,177,91,125/74,37.0,5.10,7995,184572,38,84,12
DARR860707WRO,hombre,Leonardo,Muñoz Garcia,36,70.79,177,80,95/69,37.2,4.94,8510,229521,30,91,10
AUAB931101RQ6,hombre,Angel,Perez Gallegos,29,66.17,171,68,101/75,37.1,5.03,5812,296327,36,100,10
IAIA550702V8Y,mujer,Luz,Julian Cancino,67,57.23,162,70,117/72,36.3,4.24,4202,270892,33,66,8
OERN990502VKW,mujer,Alexa,Hernandez Reyes,23,55.54,159,73,99/71,36.8,5.04,8555,285935,30,95,10
SART050619U6G,hombre,Jesus,Sanchez Vieyra,17,64.20,175,64,105/66,36.8,4.91,6888,250186,33,87,11
EIUR6304064N2,mujer,Daniela,Medina Arteaga,59,59.62,166,75,113/80,36.4,5.03,5099,247690,34,77,7
LEAF951015TGF,mujer,Aranza,Herrera Martinez,27,45.63,155,73,109/68,37.2,4.84,7772,331246,31,91,15
PUCE750930G65,hombre,Jaime,Marquez Dueñas,47,72.02,174,73,127/80,37.1,5.05,5851,269383,29,83,12
UIDL9804039WE,hombre,Alexis,Guerra Gutierrez,24,79.54,182,96,105/75,36.9,5.26,6742,281649,33,86,10
MAER890805OS3,mujer,Mia,Castillo Reyes,33,58.48,165,78,119/72,37.2,4.06,6881,319151,30,93,14
DESL1603182LF,mujer,Yatziri,Camacho Zepeda,6,20.68,114,83,109/51,36.4,4.18,9129,328864,28,89,11
EIPO710830VSE,mujer,Johana,Pineda Salas,51,49.80,155,86,135/81,37.0,4.31,6747,315959,33,85,10
TISI460305SSV,hombre,Uriel,Antonio Santiago,76,65.16,172,84,122/77,36.3,4.45,6208,186383,36,82,15
CAEO071112IGE,mujer,Cristina,Aparicio Hernandez,15,51.16,162,70,109/59,36.4,4.58,6827,288097,37,88,15
SUDZ160103OWR,mujer,Alejandra,Galvan Ruelas,6,23.18,117,90,106/72,35.9,4.87,8046,238447,37,94,11
NODN100612FOW,hombre,Ethan,Mendiola Moreno,12,41.17,148,95,109/66,37.0,5.45,6193,293893,39,92,13
MEML511226ÑQF,hombre,Angel,Vargas Martinez,71,62.88,173,76,110/76,35.9,4.63,4766,219356,44,81,14
AEÑA010227ZS8,mujer,Kimberly,Angeles Navarro,21,53.77,159,89,103/74,37.2,4.60,8400,352783,30,82,13
OERD990929Z2U,hombre,Angel,Puga Guevara,23,62.49,167,83,124/73,36.8,4.86,8198,242543,32,77,9
NECU991213EPG,mujer,Carolina,Reyes Mendoza,23,53.17,159,66,119/70,37.2,4.60,8059,262817,36,96,14
CIAU640226YR2,hombre,Juan,Lopez Chimal,58,64.14,170,69,128/75,36.7,5.28,5214,190746,28,109,8
GUEP080531U0L,hombre,Diego,Garcia Mercado,14,76.17,176,95,114/61,37.3,5.36,8788,254443,37,101,10
IOAC03042774U,hombre,Dylan,Morales Ambriz,19,68.38,177,89,113/72,37.0,4.75,6367,260699,33,83,11
IOML020217FEX,mujer,Alexa,Blanco De la rosa,20,58.46,161,92,108/72,36.6,4.57,7100,298285,38,81,8
EODD590820LIH,hombre,Arturo,Vazquez Rosas,63,97.33,189,86,110/82,36.9,4.37,6014,288723,31,85,16
IAEN720517NPG,mujer,Luz,Leon Salgado,50,54.58,162,89,134/83,37.4,4.36,5688,250233,34,91,13
CAOR550814651,mujer,Maria,Loya Badillo,67,47.33,155,79,115/78,35.9,4.78,6772,250203,34,91,14
MOAO5205294TG,mujer,Miranda,Ramirez Canul,70,58.02,162,72,130/81,36.3,4.77,7303,252204,40,68,13
OETD050409W1N,mujer,Andrea,Santiago Contreras,17,47.78,158,64,113/63,36.7,4.43,7920,248543,34,90,9
NOSA780216PNU,mujer,Camila,Sanchez Reyes,44,46.43,154,87,120/78,37.6,4.29,5710,273914,33,85,7
RODO811105Y0R,mujer,Gabriela,Barbosa Reyes,41,56.14,156,96,118/75,37.0,4.73,7202,221470,36,93,15
EARE400101WPB,hombre,Javier,Ramirez Ruiz,82,73.20,179,64,104/84,36.8,5.03,5430,161075,37,85,7
UALO760405IL0,mujer,Ximena,Rios Padilla,46,58.84,163,83,123/89,37.7,4.17,4480,285918,39,93,13
DUCC17031245R,mujer,Viridiana,Perez Nuñez,5,20.34,110,112,91/58,36.6,4.35,6125,234542,35,90,11
EOSE6209303NS,mujer,Karla,Ramirez Gutierrez,60,48.74,155,80,117/80,36.4,4.49,5004,355351,37,78,9
FAMS950110ACB,mujer,Scarlett,Ruiz Flores,27,52.56,158,81,118/69,36.8,4.84,5314,293292,36,109,8
OIDC960729A9H,mujer,Barbara,Hernandez Hernandez,26,50.27,158,83,104/70,37.0,4.19,8750,271521,37,70,10
EIUP880128E0I,hombre,Diego,Contreras Gonzalez,34,68.33,177,87,129/73,37.1,5.42,6183,190761,31,87,11
OONE690623YW1,hombre,Leonardo,Martinez De los santos,53,64.90,172,68,119/86,37.2,4.83,5977,155906,33,111,11
EONE771104OTV,mujer,Maria,Ake Cervantes,45,59.98,161,74,121/77,37.6,5.06,6070,265263,40,98,13
EIRN5109176MH,mujer,Melany,Alcala Reyes,71,58.96,162,77,126/76,36.0,4.24,7339,316512,34,102,14
AESS8110017GD,mujer,Nahomi,Maldonado Zamora,41,58.74,164,80,126/75,37.1,4.36,5992,351567,33,81,9
OOSL880110PAF,mujer,Andrea,Ceron Andrade,34,65.61,167,82,105/67,37.1,4.19,7066,205058,39,85,12
RERE01122402Q,mujer,Nataly,Molina Romero,21,47.38,154,96,132/67,37.3,4.49,6657,245594,32,90,10
EEAI920226QVH,hombre,Angel,Morales Oviedo,30,70.61,176,88,109/76,37.3,4.72,6411,234617,35,101,11
AACC190120UL1,mujer,Mia,Robles Chavez,3,12.14,94,102,112/63,36.2,4.02,8756,267040,40,86,15
EAYC680521WNK,hombre,Erick,Rodriguez Cervantes,54,67.34,178,89,119/81,36.8,5.05,7118,272892,33,72,11
PANR86102197R,hombre,Diego,Martin Rios,36,80.08,186,82,122/75,37.2,5.25,6182,244587,38,84,11
AEDA000311AV7,mujer,Ana,Diaz Hernandez,22,45.68,154,85,119/66,36.6,4.54,6842,284284,32,83,10
SEEO970731IÑ2,hombre,Jesus,Moncada Contreras,25,57.25,166,82,105/69,36.8,4.83,8204,301932,40,117,12
AOIN1606072VT,mujer,Camila,Heredia Palma,6,21.23,116,96,105/64,36.8,4.25,4564,228280,34,94,10
RERS7807185WZ,mujer,Ivanna,Mendoza Santos,44,48.84,151,78,132/80,36.6,4.34,5826,311026,29,91,11
NADD370730CUY,hombre,Angel,Gaytan Garza,85,72.46,180,75,100/74,36.5,4.82,6091,247283,28,99,10
VAEL40051999W,mujer,Mia,Andrade Cabrera,82,45.57,151,91,126/82,36.2,4.67,7090,263045,36,84,11
MITA170702I46,hombre,Juan,Jimenez Meneses,5,19.44,111,104,106/47,36.2,5.19,5270,246320,39,80,10
SISU07061608W,hombre,Alexander,Rodriguez Perez,15,73.45,181,78,102/73,37.3,4.48,6345,304239,37,92,8
UUZE850123ZAM,hombre,Samuel,Gonzalez Madrid,37,68.14,177,77,108/75,37.3,4.53,6502,241783,39,97,15
EOCE820906Y4Q,hombre,Adriel,Guerrero Castro,40,96.56,188,79,117/68,37.4,5.17,6253,217491,37,104,14
DEIR911225XWK,mujer,Antonella,Alcantar Herrera,31,65.40,166,96,120/72,37.3,4.29,5655,229809,33,97,14
UADA170625MLX,mujer,Valentina,Garcia Nuñez,5,18.39,110,100,96/69,36.8,4.26,5609,242833,39,75,14
NIAT860312YKD,mujer,Valeria,Hernandez Ruiz,36,53.11,159,84,120/63,36.9,4.66,5823,217955,36,86,14
EONT180319GDG,hombre,Jose,Tapia Rivera,4,15.62,100,103,94/77,35.6,4.92,5557,189851,39,103,13
MEDE5608020QB,hombre,Matias,Ortiz Martinez,66,100.92,192,77,124/78,35.9,5.03,5415,214923,33,85,13
DEDC7008112E5,hombre,Nicolas,Ruiz Carpio,52,62.51,167,79,123/81,36.8,4.74,8916,195949,38,88,7
ROSM820816VH5,mujer,Camila,Zamora Estrada,40,74.77,173,74,106/72,37.3,4.76,6191,262213,35,90,7
SOII930719T30,mujer,Camila,Meza Ochoa,29,57.90,162,69,126/68,37.2,4.52,4704,236673,35,85,11
SAXE980102CMZ,mujer,Amayrani,Mendez Garcia,24,53.66,160,72,122/69,36.7,4.62,6994,267662,31,78,14
AUAT021202HTN,hombre,Ismael,Maya Santiago,20,79.70,184,88,120/67,36.7,4.70,7917,241824,30,87,12
TUSS741208OSZ,hombre,Martin,Huerta Patishtan,48,57.70,169,93,137/73,37.3,4.74,7757,182689,35,88,12
LEAI770918EET,hombre,Eduardo,Vazquez Jimenez,45,64.05,170,92,140/78,36.1,4.52,5838,290380,34,82,11
AAOR151015AKV,hombre,Jonathan,Hilario Rizo,7,23.69,121,99,97/57,36.1,4.96,8336,249036,42,92,12
DIAA181104LRX,mujer,Ariadne,Duran Ponce,4,12.26,95,98,106/73,36.7,4.85,9397,174624,34,87,11
OUGC770706I4C,mujer,Fernanda,Moreno Cardenas,45,46.86,154,94,117/86,36.5,4.92,8960,324614,37,92,8
AIHA931215GQ5,hombre,Sebastian,Barreto Reyes,29,93.55,182,74,116/69,36.8,4.96,5400,175730,32,76,11
IETB800712VQV,mujer,Sofia,De la rosa Balcazar,42,65.96,167,90,111/83,37.1,4.48,4935,183445,31,103,12
TANA810915918,mujer,Emma,Ledezma Perez,41,66.82,164,86,137/79,37.2,4.25,7234,218537,39,86,13
AOUA6806034ÑQ,mujer,Constanza,Luna Huerta,54,56.06,158,92,122/76,37.6,4.05,6362,225757,35,90,13
RETD181113322,hombre,Carlos,Ortiz Morales,4,16.62,100,90,90/59,36.9,5.04,4023,217497,26,76,11
SELO171127Y0Ñ,mujer,Nataly,Jimenez Perez,5,18.30,107,99,103/69,36.3,4.22,7292,261584,33,89,13
UANN040411IPX,hombre,Ian,Solis Sarmiento,18,60.78,171,67,98/55,36.9,4.87,6874,277125,32,83,14
DAON900421TBQ,mujer,Karla,Reyes Barboza,32,58.79,163,79,113/65,37.0,4.53,8004,240529,36,81,11
OAPY170206Z2V,hombre,Axel,Ponce Vargas,5,18.85,107,86,112/54,37.0,4.91,6402,243787,39,83,7
EEAR530202J3W,mujer,Lia,Martinez Escamilla,69,47.03,153,66,127/79,36.4,4.58,6778,316795,33,91,10
ROED430113BXP,mujer,Nataly,Anguiano Rosas,79,55.51,165,63,136/87,36.2,4.58,7226,325875,35,83,12
RALS980429XOT,mujer,Paola,Lemus Santiago,24,49.76,153,71,125/75,37.0,4.54,7317,240983,30,78,13
RIEO05041832N,hombre,Santiago,Soto Lopez,17,66.05,175,86,104/61,36.8,5.18,7285,203954,41,79,8
NECA890828ENR,mujer,Rebeca,Rodriguez Ortiz,33,55.05,163,84,109/69,36.9,5.08,5924,168745,38,85,10
RALS210407HXP,hombre,Ismael,Rosario Tenorio,1,11.36,80,102,86/47,36.9,5.16,4098,152159,36,85,13
JIFD9208112ES,hombre,Ian,Cruz Rivera,30,58.00,167,95,105/70,36.6,5.37,4753,236994,35,96,11
PEIC811117DXX,hombre,Daniel,Segundo Castro,41,70.85,175,81,122/75,36.5,5.58,6860,273323,32,71,16
EECT1507315YL,mujer,Esmeralda,Arias Rojas,7,23.61,126,80,104/46,36.5,4.91,5955,299769,36,75,15
EEEA480426RH8,hombre,Carlos,Vidal Lopez,74,62.95,169,91,107/77,36.7,5.18,6843,251213,41,93,8
UOBS661211J0E,hombre,Manuel,Hernandez Lopez,56,71.95,175,77,126/89,37.2,4.74,6152,246315,32,86,9
IITC651223E8O,mujer,Lia,Avila Lopez,57,68.55,168,71,130/83,37.1,4.46,7179,296022,33,80,12
IAOE640307X0R,hombre,Alan,Olvera Amaro,58,57.82,164,88,125/87,36.6,4.54,8102,216162,37,84,14
EIOL0304154DU,mujer,Emily,Gomez Romero,19,65.19,169,75,104/65,36.5,4.68,6729,319754,37,83,12
LAEQ970303HXX,mujer,Anayeli,Carbajal Gutierrez,25,54.17,159,75,106/73,36.9,4.61,9058,238471,32,71,12
EOSA130621QB3,hombre,Santiago,Carballo Juarez,9,24.58,126,95,90/56,36.5,4.40,6192,194740,31,91,12
OISO431109ONT,hombre,Mateo,Lopez Arias,79,62.98,172,79,105/72,36.3,4.64,4815,256235,34,80,12
OIIR700616RMV,mujer,Sofia,Morales Juarez,52,57.65,165,83,120/73,36.8,4.49,5184,240488,40,65,11
CIOD660908SS6,mujer,Estefani,Gonzalez Ruiz,56,59.03,162,67,124/89,37.1,4.32,5868,260233,37,100,10
IANM760702R3Ñ,mujer,Maria,Amaya Rojas,46,59.11,166,84,127/83,37.2,4.70,6465,214686,34,90,13
IITT770809SCP,hombre,Angel,Villarreal Gonzalez,45,70.00,179,96,132/73,37.0,4.58,6541,196310,30,92,14
PUAH110611Z6A,mujer,Samantha,Bustamante Guevara,11,43.39,149,87,96/67,37.0,4.75,6667,238121,36,91,10
TESB160902AK2,hombre,Jose,Dominguez Gonzalez,6,21.96,111,92,105/79,36.1,4.77,7988,249153,33,105,12
AETO17020288D,hombre,Santiago,Rivera Espino,5,16.09,109,94,98/42,36.2,5.38,5707,226463,32,88,11
EITR380807ZBF,mujer,Vanessa,Lopez Arteaga,84,49.93,153,76,121/85,36.9,4.38,4459,178499,30,115,9
OOON360402IO8,hombre,Francisco,Dzul Guerrero,86,69.54,177,73,131/75,36.0,4.95,7413,201580,38,94,12
EERO580217CÑÑ,mujer,Adriana,Becerra Campos,64,58.79,160,76,107/76,36.8,4.42,7582,222263,32,84,8
AAJL411106XÑI,hombre,Jesus,Raya Flores,81,74.26,173,68,122/82,36.7,4.85,6006,199668,39,100,8
EIRO761031NÑL,hombre,Saul,Alvarado Garcia,46,71.81,178,61,118/73,37.0,5.11,3920,221459,43,96,10
EAAB960922Q31,hombre,Dylan,Miranda Morales,26,59.05,171,98,122/73,36.9,5.24,5307,169426,34,109,8
AEOR440423VTU,mujer,Sofia,Martinez Nuñez,78,75.68,172,75,123/83,36.6,4.67,7930,321089,43,69,11
OUEN690921RPY,hombre,Brandon,Nuñez Alba,53,72.30,176,77,127/79,37.3,4.74,8445,315407,30,93,15
HEEM210511A65,mujer,Lia,Zavaleta Delgado,1,9.86,73,95,91/64,36.9,5.01,3874,316986,37,84,8
RAIE660530FÑ6,mujer,Mia,Nava Aguilar,56,59.45,161,88,126/80,36.6,4.43,7610,325371,31,85,8
EOOO6902112DV,mujer,Ivanna,Jimenez Andrade,53,66.21,167,80,127/79,37.1,4.94,5018,322441,35,89,11
SAIL161218H4Q,mujer,Yamileth,Herrera Cruz,6,22.38,118,90,93/55,37.5,4.36,5306,304332,35,93,13
REGI620913RUR,hombre,Hernan,Almaraz Ochoa,60,76.20,181,90,132/82,37.7,5.26,6882,212255,41,83,9
MESD880429LNJ,hombre,Leandro,Navarrete Reyes,34,97.72,186,82,123/66,37.2,4.99,6688,192314,31,81,12
TOEI6812076FH,hombre,Kevin,Flores Rodriguez,54,71.09,179,74,128/76,37.2,4.73,6462,224747,39,104,13
DIAL100401AQV,mujer,Paloma,Ramirez Perez,12,40.84,146,87,115/47,36.8,4.77,6378,247292,39,73,12
RAEN510903BKR,mujer,Ariadna,Lopez Quiroz,71,59.52,163,84,132/84,36.3,4.87,8525,301382,33,69,7
EODA191124OOK,mujer,Maria,Maya Jaime,3,16.12,96,109,115/61,36.8,4.26,5961,367554,33,74,16
CURA090521ZN8,mujer,Maria,Carrasco Arenas,13,45.93,157,84,113/73,36.9,4.76,8328,235476,34,78,9
OIOO70020803Q,hombre,Eduardo,Bailon Garcia,52,54.53,164,75,140/80,36.6,5.25,6750,231406,34,76,10
AERC0712245PT,hombre,Elian,Briones Ramos,15,54.13,169,74,107/63,36.9,4.73,4614,218812,31,83,9
OARI661227XN4,mujer,Kailani,Valdez Palacios,56,56.67,162,75,134/85,36.6,4.32,8318,264879,35,84,12
UANQ341028ACO,hombre,Emiliano,Morales Garcia,88,80.76,181,82,102/77,36.4,5.08,5166,233000,30,86,12
AOAN980310T3S,hombre,Carlos,Varela Mejia,24,56.26,165,65,113/73,37.6,5.49,9067,194858,34,92,11
EADM931117W5J,hombre,Luciano,Gonzalez Mendoza,29,79.48,182,77,123/74,37.1,5.05,7443,211913,33,87,9
COPR060503RMU,mujer,Alexa,Mendez Romero,16,50.82,156,91,108/70,37.1,3.94,6060,276239,35,83,13
EERE701204LX6,mujer,Astrid,Sanchez Santiago,52,58.37,162,77,133/78,36.7,4.58,6735,279048,38,73,11
CONS0104102R0,mujer,Regina,Cortez Ledezma,21,48.27,156,82,109/73,36.6,4.26,5273,206125,31,102,11
IETJ910107ZWE,mujer,Camila,Salazar Moreno,31,58.55,163,71,121/76,36.7,4.67,6365,233701,32,88,11
OOLI630825Y1U,hombre,Alejandro,Ramos Juarez,59,64.23,172,81,131/87,37.3,5.21,6371,199775,27,58,12
EOMM080505NES,hombre,Isai,Piña Garcia,14,71.99,177,89,118/67,37.3,4.81,5748,232397,36,90,7
DAIA930410L0F,hombre,Emiliano,Hernandez Pacheco,29,71.46,175,79,128/64,36.7,5.15,6814,255617,39,91,15
ZEAM660208C6S,hombre,Sergio,Valentin Antonio,56,69.96,177,82,129/80,37.1,5.34,7907,197850,42,88,10
OADN150320K2N,hombre,Miguel,Franco Urbano,7,23.99,121,104,116/63,36.7,4.83,3904,261732,34,80,11
COCA880618V8E,hombre,Israel,Muñoz Campos,34,71.71,177,85,121/80,36.9,5.41,8185,251954,40,87,11
EETS850624HUT,mujer,Victoria,Carrillo Osorio,37,76.61,173,82,112/66,37.1,4.28,5290,358188,37,83,16
DAAA100218NM3,mujer,Ruth,Vazquez Martinez,12,49.25,155,81,102/67,37.3,4.38,7177,271252,38,93,13
IILY210517DXT,hombre,Leonardo,Najera Sanchez,1,7.39,79,115,86/57,35.9,4.62,7042,219103,36,62,9
AESM060406Ñ5Q,hombre,Matias,Torres Dominguez,16,69.86,178,73,93/73,37.0,4.73,8160,207552,35,94,10
REMT9006037DN,mujer,Andrea,Islas Dolores,32,75.14,171,71,126/71,37.0,4.45,7932,225196,37,90,8
REER090511K01,mujer,Regina,Flores Leon,13,51.46,161,87,94/62,37.2,4.62,4816,274420,37,98,10
AARS930114SF3,hombre,Cristopher,De la torre Rios,29,71.59,175,78,117/64,37.3,4.68,7253,248529,35,72,13
CAED0705232QT,mujer,Damaris,Zaragoza Gomez,15,47.65,158,67,103/59,37.0,4.76,5754,255509,36,102,12
OERU600612ABB,hombre,Luis,Mayorga Bolaños,62,79.38,181,83,117/81,37.0,5.27,5714,311686,36,89,13
TIRE090811CLP,mujer,Yaretzi,Gurrola Diaz,13,47.95,156,80,101/48,37.2,4.97,5651,264759,34,76,9
DOIE760717C36,hombre,Jose,Teran Garcia,46,78.87,182,89,113/76,36.7,5.46,8029,173779,38,88,13
TUUS600508CPE,hombre,Uriel,Bailon Arizmendi,62,65.49,172,81,116/73,37.0,4.55,5507,259265,37,85,13
REIO960217C5S,mujer,Mia,Anguiano Salas,26,52.50,160,72,99/66,36.9,4.23,4639,312103,34,96,11
VOTE2002044ÑF,mujer,Daniela,Trejo Noh,2,11.73,86,97,106/69,36.1,4.78,4105,357973,35,83,14
EOIT790625NGG,mujer,Monserrat,Bautista Valenzuela,43,62.94,167,85,130/81,37.1,4.72,6610,365379,38,96,9
ÑIUC951224O33,hombre,Eliel,Nuñez Moreno,27,79.39,181,89,108/73,37.4,4.89,6489,262693,35,76,10
OENC191002BRU,hombre,Aaron,Gonzalez Espinosa,3,19.31,99,89,110/44,37.0,4.71,6456,187733,32,103,10
PIED071201P06,mujer,Carolina,Mendoza Juarez,15,52.76,161,70,105/66,37.3,4.37,6995,287079,36,91,14
AAMC1809053E8,mujer,Romina,Caamal Valenzuela,4,18.46,104,102,99/49,37.1,4.18,7568,287398,35,105,11
AONI781020R7U,mujer,Aitana,Flores Flores,44,65.47,169,96,133/73,37.1,4.77,4374,343694,35,99,12
GASG101004YJP,hombre,Angel,Meza Pablo,12,58.25,163,95,108/77,36.8,5.19,9134,265362,34,96,8
BAPO210112T6V,mujer,Sofia,Muñoz Mendoza,1,9.35,71,113,87/49,37.1,4.94,6699,365853,37,100,8
AAOA0010279QO,mujer,Natalia,Aquino Salas,22,56.75,167,75,103/68,36.7,4.85,7621,260547,38,97,9
ROTR7809260VV,mujer,Romina,Cruz Santiago,44,58.11,167,80,132/78,37.0,4.60,6368,338621,29,108,12
OESC700611SQ1,mujer,Melissa,Valdez Garcia,52,58.11,163,77,124/76,37.0,4.62,7923,197924,38,89,10
AULM720815YSC,mujer,Ana,Tello Rojas,50,63.55,167,92,119/82,37.8,4.53,4184,252302,32,68,11
SOPE171215CPI,mujer,Yareli,Cortes Ruiz,5,21.43,111,102,105/57,36.7,4.05,5907,244724,33,92,13
JUZA121221BTU,hombre,Liam,Gonzalez Hernandez,10,22.76,130,94,101/49,36.6,4.88,8360,253079,32,79,12
ZEEZ140504AZS,hombre,Tadeo,Moreno Perez,8,24.33,120,86,86/62,37.3,5.38,7107,248035,37,78,11
AUOS200305A3I,hombre,Jose,Jimenez Arevalo,2,12.27,91,88,108/63,37.0,4.59,8482,182566,32,86,9
AARL6407104FP,hombre,Gonzalo,Luciano Mendez,58,96.40,187,73,142/81,37.2,5.02,7324,212475,31,93,9
UIST110910WIW,hombre,Jose,Martinez Zapata,11,37.48,145,82,115/60,36.9,5.20,8141,251998,38,87,16
SETB0812100ÑQ,mujer,Sofia,Garcia Perez,14,57.01,165,92,116/73,36.8,4.13,7358,213053,36,92,10
DOMR710213WKT,mujer,Alexa,Canche Reyes,51,59.62,162,79,134/82,36.6,4.68,7573,226875,35,85,12
OEPE151212F0W,hombre,Jesus,Nuñez Diaz,7,30.24,125,78,107/58,36.1,5.32,5315,236791,26,89,10
EECS410314NPF,mujer,Arleth,Calderon Lopez,81,67.47,168,67,128/88,36.4,5.07,5380,183547,41,96,13
LABC0606041O1,mujer,Angela,Baez Castrejon,16,48.77,158,92,96/55,37.1,4.65,6013,298088,35,92,14
NAÑC730103MA3,hombre,Alonso,Avila Luna,49,79.25,183,83,113/77,37.0,4.93,9165,191354,31,83,6
CAOE040527PX7,hombre,Jesus,Mendoza Martinez,18,62.74,173,82,109/57,36.7,5.42,9518,231881,33,97,7
AEAO820915CXS,hombre,Enrique,Nuñez Gonzalez,40,55.16,170,77,109/80,37.1,4.53,5798,193326,36,100,8
NOAE95022246I,hombre,Moises,Flores Vazquez,27,88.82,184,70,124/74,36.6,5.10,6396,249164,30,99,6
GALI6301242WA,hombre,Sebastian,Torres Perez,59,78.01,183,88,125/86,36.6,5.56,6911,259013,35,88,14
AOAL091221B8I,hombre,Cristian,Gonzalez Carrillo,13,68.47,171,91,93/45,37.2,4.85,5600,273537,32,100,10
NEAS071123H6G,hombre,Matias,Rodriguez Mercado,15,59.23,170,61,107/66,37.2,5.25,6623,246458,40,94,13
AEAN170917MVE,mujer,Emma,Trejo Escalante,5,20.31,108,88,101/52,36.7,4.63,7751,318177,34,89,13
IESI051225F5C,mujer,Romina,Chacon Velasco,17,62.57,168,75,109/67,36.7,4.40,5665,234162,36,88,11
RICL210124YLH,mujer,Camila,Carballo Lopez,1,9.55,72,95,88/50,36.1,4.45,6897,367518,33,84,9
EENS1909211CE,mujer,Sofia,Hernandez Velasquez,3,12.93,91,91,101/69,36.9,4.03,7334,363155,30,89,11
IETO720830G4I,hombre,Emiliano,Hernandez Dominguez,50,64.63,170,80,127/83,37.2,5.24,7714,257716,30,97,10
SEBT181004SPQ,mujer,Camila,Alvarez Martinez,4,15.20,101,92,99/61,37.0,4.71,7951,224168,32,92,11
NOCS0012158TM,hombre,Cristian,Zamora Palacios,22,63.70,172,85,117/77,36.9,5.20,8414,271012,37,87,14
IAUE68022552F,hombre,Ian,Cedillo Hernandez,54,71.52,176,78,129/82,37.2,5.11,7274,288596,29,78,8
EUAA120915078,mujer,Natalia,Sosa Sanchez,10,35.28,138,103,92/46,35.8,4.56,7075,223988,35,69,12
EACS101128OMO,mujer,Estefania,Valdes Arias,12,42.50,152,79,93/68,37.5,4.83,4951,267424,40,90,7
MAAD940412F95,hombre,Esteban,Perez Cruz,28,67.25,170,69,122/69,37.1,5.20,8064,239473,33,103,9
LASE451107OZO,hombre,Tadeo,Guerrero Correa,77,79.56,185,99,121/81,36.6,5.23,8365,169787,36,84,9
MURD641121R6L,hombre,Jose,Pech Sanchez,58,69.88,175,63,125/86,37.0,5.08,8452,205091,39,99,12
SOEN0406164G3,hombre,Leonardo,Castro Garcia,18,100.78,188,71,98/60,37.1,4.85,6446,197703,39,92,10
OAEA800401FJS,hombre,Carlos,Arredondo Vaca,42,87.99,185,72,130/83,37.0,5.11,6184,262945,38,88,14
POAA6212319G8,hombre,Jaime,Ventura Burgos,60,78.07,183,100,128/81,36.7,5.18,6363,192759,42,95,11
EIMA630609J55,mujer,Marisol,Galindo Perez,59,60.18,165,85,122/80,36.8,4.65,4490,223942,35,83,9
TITC150907JL6,mujer,Michelle,Caballero Espinoza,7,23.19,123,97,110/53,36.2,4.07,7257,193479,34,90,12
AADH190710G6V,mujer,Alexa,Mendez Mendez,3,13.41,94,114,94/49,36.9,4.74,3549,241011,35,77,12
POIU051105MKH,mujer,Ana,Soto Chacon,17,44.98,151,95,105/60,37.1,4.32,4865,219459,36,82,12
IULR910502W34,mujer,Mia,Rodriguez Marquez,31,64.94,169,79,121/63,36.8,4.78,5833,298793,36,96,11
OERA190106F9E,hombre,Orlando,Bautista Salazar,3,13.32,93,95,100/54,35.2,5.11,4846,211060,43,97,8
DAEA050525AEG,hombre,Juan,Velazquez Jimenez,17,59.32,171,80,107/62,36.9,5.10,7553,199139,40,78,13
EEDR970306EQD,mujer,Karen,Meza Zarate,25,51.64,159,86,117/72,37.1,5.10,6510,298240,34,92,7
UACR180104E6G,mujer,Maricela,Salcedo Rodriguez,4,22.21,110,106,90/75,36.4,4.80,6206,357387,42,89,11
NEAY8606097MX,mujer,Andrea,Hernandez Vargas,36,54.79,159,79,111/76,37.0,4.58,8300,285963,37,92,12
REED580213DL5,mujer,Arisbeth,Meneses Antonio,64,49.49,160,65,136/73,37.2,4.64,8323,250623,37,90,15
LISA990421XTK,mujer,Nathaly,Martinez Roque,23,49.11,161,85,111/67,37.4,4.33,4534,311146,32,78,12
SOTE8608010IE,mujer,Maria,Aldana Salinas,36,50.68,158,92,106/71,37.0,4.73,3568,244801,29,83,12
SIOE220717CEG,hombre,Alfredo,Lopez Hernandez,0,4.05,50,102,71/52,36.2,5.40,8814,175732,43,70,13
AITO220718EV8,hombre,Noe,Molina Velazquez,0,6.61,49,86,52/51,36.7,5.19,3642,253584,37,85,13
OEED811025RU5,hombre,Gael,Cerda Melchor,41,69.71,177,74,123/76,36.6,5.43,8562,204409,39,99,13
OEDI470210UK3,mujer,Joselin,Ramirez Hernandez,75,46.33,153,85,121/79,36.3,4.49,4676,227205,36,72,10
SAAR9504288VO,mujer,Angelica,Barrios Murillo,27,61.19,165,83,135/74,37.2,4.41,9136,336866,31,87,8
DEVE061119YB0,hombre,Jesus,Acosta Cervantes,16,55.75,167,79,118/72,37.4,4.64,6800,183439,34,83,10
SADI78043016R,hombre,Mateo,Martinez Perez,44,75.38,177,83,128/81,37.3,4.89,5949,156102,30,91,11
NAER660117R1S,mujer,Emilia,Escobar Ponce,56,51.88,162,86,115/75,36.9,4.28,6014,178579,30,87,7
LERE090119EI1,mujer,Itzayana,Leon Leyva,13,43.72,157,80,102/57,37.0,4.68,4964,307042,35,74,14
POOA130415ZGX,mujer,Mariana,Jimenez Ruiz,9,30.66,134,97,114/68,36.7,4.68,5061,219953,40,77,9
SORC891021DRU,hombre,Armando,Becerra Alvarez,33,71.15,177,87,116/71,37.3,5.44,5761,238550,37,90,11
UUOQ041126VKG,hombre,Rodrigo,Alonso Estrada,18,67.34,176,72,107/79,36.9,4.87,7590,220679,32,104,9
TEAE901009U0U,mujer,Itzayana,Lopez Martinez,32,67.61,167,63,121/64,36.8,4.59,5398,291046,34,90,12
SENN110418OCC,hombre,Andres,Garcia Alvarado,11,38.06,146,86,98/54,36.8,4.63,7054,214552,34,96,10
ROSC850627ULC,hombre,Rolando,Galarza Godinez,37,64.63,175,68,116/70,37.0,4.78,6738,259556,28,83,12
EOEV050310J21,hombre,Erick,Ortiz Morales,17,59.68,170,63,108/58,36.9,4.80,7412,245938,42,87,10
AOIE981210UO0,mujer,Amelia,Cruz Hernandez,24,57.13,164,95,103/60,37.0,4.69,4879,282736,32,86,8
RUPN7801069V4,mujer,Johana,Luna Paz,44,53.64,159,67,122/78,37.1,3.99,5072,284742,37,74,13
AEEV20071476T,mujer,Lia,Sanchez Flores,2,14.37,82,119,80/59,36.3,4.35,4440,289497,35,98,12
SANI621119LSM,mujer,Ariana,Garcia Garduño,60,53.34,160,75,139/81,37.2,4.54,5812,235333,41,98,8
OIEA160206S0E,mujer,Valentina,Vazquez Garcia,6,22.97,112,85,94/55,37.2,4.23,4869,279939,32,102,13
IAMN740604VYY,mujer,Jennifer,Cervantes Garcia,48,74.01,172,84,123/74,37.1,4.84,7275,308291,34,81,11
UEEU861215E1F,hombre,Luis,Flores Perez,36,56.46,166,64,122/76,36.9,4.88,3487,199623,38,67,11
TIRA110613I41,mujer,Natalia,Mendoza Dominguez,11,38.40,144,103,83/73,37.3,4.45,5538,306434,34,88,12
ROTS830417NBX,mujer,Maria,Marcelo Betancourt,39,57.69,163,83,101/76,37.5,4.45,4920,263068,39,83,12
ROGS7109102WW,mujer,Maria,Chairez Vazquez,51,67.14,168,94,130/88,37.5,4.53,7720,267128,40,99,10
SEUU840626ERK,hombre,Patricio,Hernandez Aldana,38,58.25,168,75,134/65,36.7,4.95,6506,250916,42,94,10
NANR090621H12,mujer,Miranda,Garcia Escobedo,13,47.44,158,84,102/62,37.0,4.49,5931,243210,36,74,11
AIAJ1404100XG,hombre,Luis,Valencia Perez,8,23.90,131,91,93/50,36.1,5.16,5105,212982,31,85,10
NASD8007101SW,mujer,Renata,Carrasco Lara,42,56.43,167,78,122/85,37.2,4.42,8889,275876,35,80,10
TUZN18123115T,mujer,Estefania,Mendoza Hernandez,4,15.01,94,82,110/56,37.0,4.32,7253,281983,28,73,12
SOIA2001133I9,hombre,Erick,Vidal Velazquez,2,15.58,92,90,104/63,35.9,4.96,5398,233429,42,78,8
SODE201213ZBE,hombre,Angel,Sanchez Morales,2,14.29,88,85,98/76,37.7,4.93,4199,186280,40,73,12
VECO961006KCH,hombre,Hector,Molina Cabrera,26,80.08,182,65,107/70,37.0,4.88,8788,169030,37,102,10
EAGD760209IGP,hombre,Alexander,Martinez Carrillo,46,78.51,184,90,141/81,37.1,4.76,7885,258155,36,87,9
RALM551130FVV,hombre,Israel,Leija Hernandez,67,90.69,186,81,145/83,36.8,5.13,5594,280156,35,99,9
EOAO8008300TS,mujer,Yamileth,Ledesma Gil,42,44.55,157,77,137/79,36.6,4.73,5287,333429,36,97,16
AOAC1606298ZI,hombre,Franco,Chavez Cuevas,6,18.79,117,95,102/65,37.0,5.16,6014,281707,33,94,10
PUDE850113PZZ,mujer,Adilene,Cruz Lopez,37,64.95,172,76,111/68,36.7,4.95,5726,240304,36,99,11
EUMD980105UGG,hombre,Ariel,Gonzalez Santiago,24,70.86,177,79,129/73,36.5,4.94,8919,196759,34,93,10
EIFS941114LFN,hombre,Juan,Barrios Nuñez,28,59.38,169,100,114/67,36.6,5.47,5640,284283,28,101,8
IEST8907211UH,mujer,Monica,Gallegos Perez,33,48.74,157,79,103/76,36.7,4.32,8918,289700,36,82,12
MIBS910208Ñ4T,hombre,Mauricio,Cruz Lozano,31,71.62,178,82,125/73,37.1,5.13,3795,199442,32,82,13
AEPS141011649,hombre,Alexander,Covarrubias Garcia,8,25.94,130,100,100/50,36.8,5.13,4581,201733,33,79,12
BEDY450413CMÑ,hombre,Santiago,Jimenez Bautista,77,78.64,182,76,106/80,36.5,4.58,5448,218873,31,91,8
OEJC731017BVL,mujer,Camila,Mendoza Favela,49,67.36,172,72,132/80,36.9,4.34,8221,233692,36,71,12
OIRD5703082DO,hombre,Caleb,Jimenez Vazquez,65,78.47,182,84,104/76,37.6,4.91,7444,203501,31,88,13
AAAS750322B37,hombre,Carlos,Cruz Valdivia,47,100.64,190,97,115/77,37.0,5.00,5485,165627,27,87,13
NAED210704S3K,mujer,Camila,Espinoza Martinez,1,11.78,76,109,97/62,36.1,4.43,6427,212701,37,92,13
NEEM220704KFJ,hombre,Axel,Barreto Rodriguez,0,3.93,52,124,61/46,36.8,4.84,6699,241842,28,82,10
SISD220204IG6,hombre,Jorge,Padron Martinez,0,3.23,51,89,50/44,36.6,5.11,6361,309545,36,89,11
HEOU120531ÑS6,mujer,Daniela,Flores Ruiz,10,40.98,139,83,103/72,36.2,4.59,4115,303457,36,88,10
TUIC471218TGF,mujer,Angela,Hernandez Garcia,75,57.28,166,78,126/77,36.1,4.57,6940,210817,39,100,13
RODD721018KKL,mujer,Danna,Rojas Silva,50,65.23,168,88,139/86,36.9,4.11,6953,324181,41,84,15
AIIO201029UAU,mujer,Regina,Ornelas Vela,2,15.77,87,98,120/58,36.7,4.45,4352,169130,34,93,12
AIDE551114MBG,mujer,Regina,Soto Padilla,67,59.20,165,83,128/80,36.4,4.60,7462,349172,37,89,11
RAEE100423N6E,mujer,Dulce,Santiago Sanchez,12,42.25,153,72,95/49,36.3,4.55,9313,260436,35,106,8
UAOS9103220DH,mujer,Ana,Gonzalez Silverio,31,59.58,161,77,101/79,37.2,4.74,5780,224241,32,102,11
NINM830314HSY,hombre,Alejandro,Jimenez Garcia,39,73.09,177,78,123/65,37.9,5.21,7399,239054,40,98,14
CUDB970724FNL,hombre,Sebastian,Gomez Jimenez,25,80.03,182,71,131/61,36.6,4.92,4097,222915,37,94,11
DENN450108KGK,mujer,Dafne,Carrillo Sanchez,77,53.19,156,77,129/81,36.5,3.99,6226,214800,36,87,14
MURE8609155FS,mujer,Fernanda,Garcia Chavez,36,58.80,162,82,96/62,37.1,4.69,8143,267293,39,81,9
SOAA00040544F,mujer,Victoria,Madrigal Lopez,22,63.61,168,74,121/68,36.7,4.74,7914,269853,34,94,15
OUFE1110135EZ,mujer,Abigail,Llamas Guzman,11,37.03,142,99,116/66,37.5,4.23,6519,213643,39,94,11
UOEO8110136GE,mujer,Victoria,Lopez Hernandez,41,88.62,176,72,119/87,36.6,4.47,4960,267601,39,79,13
DEAA131207SÑ6,hombre,Alexander,Dominguez Garcia,9,25.74,130,97,94/46,36.1,4.41,6960,205569,34,93,8
NASF710307MLX,hombre,Adan,Ortiz Contreras,51,70.53,179,76,134/76,36.8,5.06,6362,224070,33,81,8
IOAM031227H35,mujer,Regina,Avalos Perez,19,57.91,162,72,112/78,36.7,4.51,7035,186270,33,94,12
RAED2105105YL,mujer,Carolina,Ruiz Mendoza,1,12.57,80,104,90/56,36.1,4.42,4471,311391,30,99,11
QOOA1103279NL,mujer,Valentina,Perez Herrera,11,35.97,147,99,103/65,36.9,3.97,6617,321057,37,88,12
PAUR470619ÑU7,hombre,Angel,Navarrete Rivera,75,70.87,176,67,125/81,36.5,5.03,7687,197820,37,93,7
IIDP671202WHN,hombre,Yahir,Rivera Gomez,55,70.52,177,78,119/83,36.7,5.46,6288,293333,37,91,11
RATN130505ZMJ,mujer,Maria,Verdugo Calvario,9,27.76,128,99,113/67,36.0,4.89,8260,197574,35,97,11
EAVE920103S80,mujer,Miranda,Castro Lugo,30,61.42,163,75,103/66,37.5,4.73,4935,227982,32,87,10
GONE060420XU0,mujer,Mia,Alcantar Castro,16,46.81,154,68,112/63,37.2,4.90,5454,236213,36,91,10
SEDE1504307Ñ8,hombre,Matias,Mayo Rosado,7,28.11,128,103,99/63,35.9,4.47,6605,254896,40,81,12
LUEA820410AÑY,hombre,Axel,Dominguez Bravo,40,72.50,177,88,105/64,36.7,5.36,8725,176611,35,95,15
NIAR200403DG1,mujer,Nicole,Flores Favela,2,9.57,85,106,87/72,36.5,4.85,8286,207138,40,76,13
HOPR740104LOB,mujer,Alexa,Gonzalez Navarro,48,58.77,165,86,133/83,37.0,4.45,8509,192398,30,100,13
LACA150810SGK,hombre,Jose,Espino Ortiz,7,21.34,121,84,100/59,36.7,4.76,5593,249154,34,78,9
LAXW760113KVH,hombre,Victor,Salas Salinas,46,55.73,162,77,135/82,36.6,5.12,5708,169270,30,77,10
GAON620121HHZ,mujer,Yamileth,Valencia Huerta,60,58.81,161,84,134/82,36.9,4.29,3869,311968,37,87,12
YONA1408150LE,hombre,Mateo,Gamez Peralta,8,24.73,127,100,108/69,36.4,5.23,9186,243659,28,93,13
AEPE810221KNV,mujer,Adilene,Pedraza Moreno,41,46.84,150,65,124/80,36.4,4.63,5760,302325,37,88,12
EICS15081748H,hombre,Ian,Esparza Zamora,7,25.96,122,86,100/51,36.4,5.20,6603,137179,32,78,10
DEIE221109RI5,mujer,Fernanda,Cid Becerra,0,5.33,48,104,77/40,37.1,4.44,7686,201953,41,86,15
YEET190914B0N,mujer,Yazmin,Hernandez Romero,3,15.49,94,120,111/43,36.3,4.81,5348,275623,39,85,11
DAUC090131AT9,mujer,Ana,Cruz Hernandez,13,40.37,156,71,101/70,36.7,4.59,8705,268968,35,80,13
EESP950510L1F,hombre,Rodrigo,Aguilar Vargas,27,97.67,189,79,119/72,37.3,4.90,4710,184632,33,85,10
LOOS080918DG9,mujer,Mia,Matias Chavez,14,67.34,165,79,107/69,36.8,4.77,4287,281842,33,76,8
EEIV430809DMF,hombre,Jesus,Leon Hernandez,79,62.84,173,73,95/83,36.9,5.14,5247,219190,32,92,6
OAOL010910LE7,hombre,Sebastian,Castro Estrada,21,69.63,177,70,113/76,36.9,5.42,5138,135297,40,91,12
MEAL791109GPF,mujer,Regina,Salinas Gutierrez,43,55.57,162,91,121/83,36.9,4.27,3503,199074,39,94,12
MEXA1511133GF,mujer,Daniela,Padilla Jimenez,7,24.53,123,103,110/66,36.1,4.59,4250,200160,33,87,10
NEEI840927ZN8,mujer,Violeta,Varela Ruiz,38,52.98,159,89,115/71,37.1,4.74,5137,199486,37,98,9
AALI590210Z3Z,mujer,Regina,Ruiz Alfaro,63,68.61,170,60,129/80,37.1,4.51,9207,276151,35,84,12
EAUE991113737,hombre,Angel,Razo Aguilar,23,69.95,179,98,108/71,37.1,4.76,5565,246028,35,72,11
UECI1512029RC,mujer,Cecilia,Sanchez Sanchez,7,24.47,121,98,112/55,36.3,4.28,4402,301744,37,95,14
UARA330422BL5,hombre,Jesus,Villanueva Garcia,89,60.64,164,78,120/86,36.7,4.63,7458,209776,41,89,11
NORT630820HQU,hombre,Angel,Hernandez Mendez,59,71.57,178,90,116/77,37.3,5.50,5298,271170,40,98,11
DELY9507181OW,mujer,Esperanza,Solis Baltazar,27,60.81,163,72,118/63,37.0,4.39,7167,333226,35,82,12
SADD0009269YW,hombre,Matias,Hernandez Marquez,22,64.73,175,82,111/67,37.0,5.41,6554,268281,44,83,12
PASB810311YÑH,mujer,Gianna,Gonzalez De jesus,41,52.07,157,64,138/86,36.9,4.28,8175,303372,32,105,12
IAQL880212FDL,mujer,Maria,Galicia Franco,34,52.38,160,70,114/77,36.9,4.44,7582,224876,39,86,14
IUMD871119AI5,hombre,Juan,Gonzalez Torres,35,89.01,187,83,109/69,36.7,4.89,8055,288548,28,83,13
TOPL120207UU0,mujer,Camila,Chuc Gonzalez,10,31.72,134,109,118/80,36.5,4.94,5555,302052,35,84,13
SEGÑ680514FTM,mujer,Victoria,Estrada Balbuena,54,49.04,155,75,112/78,37.3,4.44,7687,321632,41,90,14
MOOD730512BOD,mujer,Ximena,Alejandro Martinez,49,54.75,166,86,118/80,37.3,4.48,6584,185160,34,94,7
UOES1111307M8,mujer,Danna,Lopez Reyes,11,31.42,139,101,101/40,37.8,4.46,7673,204462,40,105,9
AESB181201J5X,mujer,Isabela,Romero Diaz,4,14.52,95,91,92/55,35.3,4.59,7073,197811,31,98,14
OIAU930217Y2R,mujer,Valentina,Covarrubias Hernandez,29,57.74,164,73,122/75,37.0,4.65,7206,308068,39,92,8
EOAI660429N3W,hombre,Emiliano,Limon Sanchez,56,62.61,172,90,128/80,37.3,5.27,8332,205390,37,87,14
SEIO160114CJM,mujer,Emily,Martin Serna,6,21.19,115,88,110/51,36.5,5.02,9581,339093,29,90,7
GARN48092328C,hombre,Angel,Armenta Lopez,74,78.57,182,100,119/78,36.6,4.92,4230,219267,37,92,12
HEVA1604063EQ,hombre,Carlos,Diego Rodriguez,6,19.86,112,86,103/54,37.2,5.08,8117,184938,34,94,9
POIG8211187NT,mujer,Paulina,Chacon Hernandez,40,52.79,159,79,124/72,36.6,4.78,5711,348467,39,91,10
YAOA0304251TA,hombre,Damian,Santiz Gamez,19,54.69,165,91,116/72,36.9,5.24,4871,169902,42,92,10
REUU790424ZA2,mujer,Mayte,Giron Angeles,43,59.31,161,93,114/75,36.8,4.24,6314,240598,31,81,12
NEID810905R3B,hombre,Luis,Peña Palma,41,80.80,178,76,115/86,37.2,5.46,7771,216558,29,84,14
OARA700503WVC,mujer,Wendy,Guerrero Ramirez,52,46.72,153,83,121/78,37.0,5.03,4835,224944,37,96,11
NADD620331Y7F,hombre,Miguel,Saucedo Gonzalez,60,95.72,189,75,137/80,36.8,4.59,7037,241723,34,103,12
EUAA210131QDZ,hombre,Diego,Piña Montoya,1,10.54,75,89,90/57,36.8,4.57,5435,297419,39,86,11
AAOA980907Q2X,hombre,Brandon,Medina Garcia,24,70.79,177,94,107/69,37.2,5.08,7808,190907,37,105,11
OUSR050716NML,mujer,Maria,Cardoso Niño,17,55.79,167,85,105/69,37.0,4.63,4029,175003,38,71,14
IIOY1103146D7,mujer,Alondra,Frias Chavez,11,38.93,144,105,103/56,36.8,4.47,4638,258987,36,90,11
IOES101102EJ3,mujer,Hanna,Avalos Rodriguez,12,48.58,157,76,102/65,36.9,4.65,7397,237558,33,90,12
AEER600524LFK,hombre,Angel,Sanchez Lopez,62,100.88,191,87,121/74,37.3,5.30,7648,206758,34,85,10
JAMA190514GOQ,mujer,Mia,Garcia Ramirez,3,14.48,92,104,116/62,35.7,4.74,7265,261682,38,73,13
SECY160518SHZ,hombre,Jesus,Hernandez Aguilera,6,22.33,116,79,107/55,36.5,4.83,8095,226905,30,88,14
AARV0607221T0,hombre,Juan,Baltazar Rios,16,59.51,175,88,101/59,36.6,4.65,7583,219511,37,61,11
OEAL671107WSA,hombre,Angel,Uribe Flores,55,55.00,165,74,134/81,37.4,5.11,3676,235731,33,86,15
NAIM890208RPD,hombre,Emiliano,Salazar Hernandez,33,79.73,180,79,113/78,36.4,5.29,8517,203059,38,79,9
LAPS040422C5O,mujer,Frida,Canul Luna,18,64.93,167,74,114/73,36.9,3.96,4077,325639,41,84,9
LOIE540414Z7Z,hombre,Leo,Ramirez Cruz,68,90.03,187,84,98/86,36.1,4.65,4759,230419,37,84,11
EIEC6506157OK,hombre,David,Ramirez Ruiz,57,89.16,186,87,130/80,36.8,4.85,6807,227535,33,67,10
NINC690430186,hombre,Raul,Sanchez Garcia,53,78.83,181,76,130/80,37.2,4.61,4614,186497,34,95,11
OINE200321Ñ9E,hombre,Moises,Lopez Morales,2,10.00,85,91,107/49,35.8,5.51,4961,166202,39,79,11
OONJ9903235QC,hombre,Jesus,Delgado Rodriguez,23,61.75,169,80,108/67,36.9,5.10,7382,258901,40,93,11
NIED6407055CG,hombre,Gerardo,Villegas Ortiz,58,73.55,178,79,119/79,37.2,4.72,6889,222642,35,79,9
SUEE7009106FQ,mujer,Emma,Olguin Tapia,52,58.99,162,83,125/82,36.5,4.89,5737,258090,34,88,7
IOIN0812049CQ,mujer,Alexa,Garcia Medina,14,57.50,164,76,99/62,37.2,4.35,6247,173208,39,87,13
EIEA971119EQS,mujer,Ana,Perez Garcia,25,47.76,157,89,107/76,36.9,4.82,5369,309500,33,88,12
DOHU1311297ÑÑ,mujer,Ana,Martinez Perez,9,39.79,138,91,87/56,36.5,4.62,6805,292845,43,96,13
RIOR010509ÑQT,hombre,Ian,Cortes Nuñez,21,95.14,187,81,102/68,37.3,4.38,8262,202377,41,83,10
EAPA811222PUS,mujer,Dayana,Torres Gonzalez,41,58.35,162,63,127/72,36.8,4.05,7577,354702,29,82,12
BIII961105E1K,hombre,Ramiro,Ortega Joaquin,26,72.85,177,67,111/70,36.7,5.02,7008,219631,30,85,14
OAOA760313D6Ñ,mujer,Camila,Rivera Rosales,46,62.83,164,76,123/79,37.3,4.93,6599,269876,33,80,9
UACR100713IWO,mujer,Maria,Lopez Vazquez,12,42.73,151,77,94/62,36.5,4.34,7850,284398,32,98,12
RUOM000215AES,mujer,Luciana,Pacheco Rojas,22,53.04,156,96,122/70,37.2,4.87,4820,307701,39,79,11
RIIA451121M3K,mujer,Nicole,Morales Gomez,77,57.67,163,88,139/75,36.4,4.78,7777,173901,40,94,9
OAAO2101183MM,hombre,Angel,Marcial Valtierra,1,12.10,77,81,84/55,37.1,4.39,5441,182802,31,78,11
FAUS8408051OJ,hombre,Luis,Cisneros Cuellar,38,70.17,177,77,121/68,36.8,5.04,6109,219416,34,91,10
RUPI740911KK5,hombre,Sebastian,Rosado Camacho,48,63.87,171,96,127/90,36.8,4.85,4147,236728,44,65,13
SOYI621014I69,hombre,Miguel,Cruz Rodriguez,60,64.90,174,76,126/80,36.8,4.81,6863,238069,30,82,7
NEDO651226OQG,mujer,Luna,Colin Ortiz,57,66.02,164,71,127/75,36.9,4.34,6888,258676,33,93,11
AEOL940315AFY,mujer,Quetzalli,Aceves Mares,28,58.44,164,74,104/71,36.5,4.43,6478,270289,32,84,10
IEAN921230CXD,hombre,Diego,Garcia Barrera,30,71.36,181,79,108/70,36.3,5.48,8859,230710,31,87,10
REME8906091MF,hombre,Liam,Castro Hernandez,33,60.41,171,86,124/78,36.6,5.02,4647,251006,30,80,7
EANA040207V4Ñ,hombre,Gael,Flores Aguilar,18,68.01,176,73,99/62,37.4,5.41,5630,203208,37,91,13
DUEE18061148J,hombre,Axel,Casillas Alvarado,4,15.79,98,96,103/55,35.7,5.06,7050,255157,36,80,11
JOXC2103216G9,hombre,Erick,Francisco Diaz,1,10.20,75,88,91/49,36.4,5.31,4828,176763,33,83,12
REBI990301WHU,mujer,Miranda,Zarate Rodriguez,23,66.18,168,87,105/76,37.1,4.94,4856,306956,32,83,11
AEOY800311Ñ92,mujer,Marian,Vallejo Cervantes,42,49.71,159,84,141/76,37.1,4.84,6581,165620,32,103,11
AIIS961113L1V,mujer,Regina,Palafox Pulido,26,46.57,153,93,115/74,37.5,4.36,6458,291605,35,89,10
AEEU831013WTQ,hombre,Miguel,Razo Mateo,39,89.50,186,86,111/66,36.5,5.28,6572,266198,33,83,8
ÑILO5505086Y0,hombre,Diego,Garcia Lopez,67,78.66,182,79,122/86,36.4,4.51,6869,232013,38,87,12
EOON060615EEW,mujer,Arantza,Gonzalez Gutierrez,16,44.95,155,66,98/65,37.2,4.42,5252,349545,39,83,9
VUOA800922G42,hombre,Carlos,Orozco Trejo,42,63.68,173,71,119/75,37.0,4.76,6686,222632,42,92,12
LIEE090329T2Ñ,mujer,Kailani,Fernandez Cruz,13,50.80,162,94,97/74,36.6,4.07,7455,274353,29,75,10
VOMG071220YV2,hombre,Juan,Castillo Cruz,15,48.17,166,76,103/65,36.8,4.82,5458,232090,39,82,12
LAEE03072875M,mujer,Camila,Pimentel Brito,19,58.63,163,86,111/72,37.4,4.21,7573,196091,33,75,11
SAAA120307XE9,mujer,Roberta,De la cruz Valdez,10,32.76,134,80,101/53,36.7,4.49,7886,269007,42,100,10
SALN420313GYD,hombre,Juan,Osorio Garcia,80,70.63,177,75,113/84,36.0,4.53,8521,217740,35,72,10
DIFZ6306181SK,hombre,David,Mercado Delgado,59,79.30,182,72,124/74,37.0,4.97,9039,267746,36,93,12
CARJ720822VH2,mujer,Erika,Bañuelos Ballesteros,50,70.66,167,78,138/77,36.8,4.84,6065,272757,30,89,9
EEIE631009MPB,mujer,Ana,Ovando Zazueta,59,58.16,164,80,118/75,37.0,4.89,6268,293662,34,90,12
ROMC891118NET,mujer,Maria,Arias Perez,33,50.53,160,76,111/72,37.3,4.18,7140,235460,40,77,12
AOPE940124ZÑY,hombre,Yair,Martinez Pineda,28,64.92,172,80,114/62,36.9,4.37,7099,141750,39,83,11
TANE181010D7Ñ,mujer,Yamilet,Elizalde Orta,4,18.36,103,78,102/59,35.4,4.20,6769,238505,38,90,12
AADA871219GOJ,hombre,Oscar,Ponce Puga,35,72.34,177,85,115/68,36.9,4.85,5634,244879,32,94,9
TENE590909JP1,mujer,Sofia,Orozco Zarate,63,49.84,158,82,120/79,37.0,4.40,4770,302633,33,62,10
GEIN890522BYS,hombre,Luis,Muñoz Perez,33,89.52,187,79,98/69,37.3,4.56,6734,243787,31,92,10
CENE620502DKN,hombre,Jesus,Mata Poot,60,63.66,173,82,125/83,36.5,4.62,8342,262162,37,93,10
NACC880310XD2,mujer,Ana,Castro Flores,34,60.10,164,88,127/73,36.7,4.58,7423,255922,34,91,11
OOES181022AN3,hombre,Javier,Hernandez Flores,4,18.31,108,88,92/59,36.2,4.78,6528,161849,31,91,10
AAEL870112O0A,mujer,Maria,Flores Carrillo,35,53.96,157,75,123/77,36.9,4.71,7407,219348,36,92,10
VECO780122G1Y,mujer,Kailani,Gomez Vieyra,44,58.28,166,95,132/80,37.3,4.40,4580,330441,37,90,10
ÑASS770917FVH,mujer,Barbara,Martinez Sanchez,45,70.78,168,83,124/71,36.7,4.43,7478,301667,34,78,12
SEIO040715TFZ,mujer,Sofia,Nevarez Aguilar,18,57.50,163,79,102/54,37.5,5.06,8605,331672,36,107,8
AEZP7504038MT,hombre,Angel,Cortez Yañez,47,73.38,174,63,132/80,37.4,4.55,6104,165869,42,66,9
YULA810724PRU,mujer,Valeria,Flores Lopez,41,60.97,161,97,121/83,36.9,4.70,6614,227387,32,96,11
EEPP750301EVZ,hombre,Jose,Herrera Mireles,47,71.88,177,77,129/76,36.9,4.78,6918,285354,37,82,9
REAT160313I9U,mujer,Maria,Barron Castillo,6,29.35,124,84,107/47,36.5,4.59,4762,167671,38,85,11
REOT910930SPI,mujer,Marlen,Rosas Guzman,31,69.96,168,78,103/67,37.2,5.05,4457,319906,38,90,13
AESA841210B96,mujer,Violeta,May Acevedo,38,64.03,169,97,97/64,37.0,4.71,3848,253801,36,87,7
TIUM731001C6S,mujer,Itzayana,Morales Ramirez,49,62.55,163,92,123/83,36.8,4.97,5773,331657,42,74,7
NOCE1307306IJ,hombre,Jesus,Salazar Duarte,9,32.69,136,87,109/56,37.0,4.78,4095,244243,36,88,9
CEEN830205D7X,mujer,Regina,Mendoza Vazquez,39,49.02,158,94,132/73,36.7,5.12,8603,224610,34,90,8
TEEP901219DXH,mujer,Julieta,Hernandez Molina,32,53.85,157,77,132/76,37.1,4.49,4415,237176,33,88,10
TEEY810706FHC,mujer,Daniela,De la cruz Islas,41,89.72,172,66,120/82,37.6,4.80,5119,188320,35,73,15
EOUM100616HSM,hombre,Alan,Hernandez Avelino,12,36.61,145,77,107/74,37.0,5.21,5102,227172,34,89,7
LANR810810A69,mujer,Araceli,Panzo Martinez,41,56.54,159,77,123/78,37.7,4.13,5188,265109,34,97,8
OIDA841223SB4,hombre,Matias,Beltran Zuñiga,38,71.06,174,87,126/69,36.1,5.11,4835,274121,34,81,13
DAÑE1502111J4,hombre,Jose,Toledo Marquez,7,31.64,128,98,106/58,36.4,4.47,7606,168941,35,86,9
SELS710203F3T,mujer,Sofia,Lopez Macedo,51,75.13,171,72,130/70,37.3,4.21,7779,246450,33,89,7
DILE671217ZW1,hombre,Emilio,Segura Cano,55,64.41,172,63,127/81,37.0,4.93,8482,180654,39,91,9
OECB040725VOR,hombre,Aaron,Estrada Herrera,18,77.72,181,99,106/62,36.8,4.89,6439,259558,33,74,11
EAEL0703227OC,mujer,Mia,Mendoza Moreno,15,48.39,158,94,100/65,37.1,4.35,4718,334461,40,81,12
EENA8810020XD,mujer,Jimena,Araiza Perez,34,65.88,166,69,121/71,36.8,4.83,5431,182510,34,84,11
LASV960120NS1,hombre,Sebastian,Arteaga Pulido,26,63.14,175,99,110/62,36.8,4.79,9122,262222,33,76,16
AARE800929FJF,mujer,Mariela,Sanchez Cordoba,42,48.42,155,82,114/83,36.7,5.02,8033,337069,34,79,9
DOSE090709NYK,mujer,Ana,Duran Estrada,13,44.92,156,88,110/69,36.8,4.63,7187,351246,33,94,12
IEAA350530CTM,mujer,Elisa,Hernandez Garcia,87,65.91,167,83,118/83,36.5,4.83,5254,180168,35,78,13
EAPR180816HRL,mujer,Andrea,Romero Gatica,4,14.71,96,104,109/43,36.6,4.10,6668,333874,37,83,9
TURB710922NCZ,hombre,Angel,Nava Caldera,51,70.99,176,92,118/78,37.4,5.04,8261,217781,33,99,14
DUTS0005253K1,mujer,Camila,Garcia Cruz,22,51.63,159,78,109/69,37.1,4.51,8000,281378,36,59,10
EOSE1102037E8,hombre,Diego,Gonzalez Palacios,11,36.85,144,84,101/64,36.4,5.37,8652,297332,36,72,14
OOIA170525R6A,hombre,Santiago,Cabrera Mendez,5,15.13,104,104,101/69,36.3,5.03,5746,227775,41,84,14
AOSS0209140TB,mujer,Andrea,Salazar Reyes,20,65.46,168,75,116/61,37.2,4.43,3800,255226,33,78,15
LITE740322CNY,hombre,Emiliano,Cayetano Garcia,48,73.48,174,79,140/79,37.1,5.63,8288,229854,34,85,10
EOAA4512053CL,mujer,Elizabeth,Mendoza Ramirez,77,56.97,163,72,111/80,36.2,4.79,4598,270362,30,94,13
CATO2010126WY,hombre,Mauro,Lopez Sanchez,2,12.73,89,108,109/63,36.5,5.63,6986,202812,30,75,13
BOSS521205F3K,hombre,Leonardo,Perez Carrillo,70,63.70,172,70,126/74,36.2,4.91,7886,300407,30,83,11
DERE410926ZMX,mujer,Emily,Hernandez Baez,81,52.48,160,88,104/89,36.4,4.65,4109,176046,40,97,14
QAFN81051958W,mujer,Ana,Ramos Dominguez,41,75.71,172,70,119/74,37.0,4.29,7628,259936,37,83,15
XERA4712106RK,mujer,Luciana,Garcia Garcia,75,90.13,176,72,97/79,36.3,4.53,5005,281016,38,85,10
PESD670301CFV,hombre,Dylan,Aguilar Diaz,55,71.94,179,87,127/74,36.8,5.31,6857,227698,40,89,9
IEYR950523T17,hombre,Hernan,Sanchez Ponce,27,70.00,176,81,123/72,37.1,4.73,4583,272026,29,96,13
NURT9805099OV,mujer,Johanna,Garcia Juarez,24,62.74,168,63,121/66,37.0,4.34,9087,196679,33,83,10
SOEE040509D12,mujer,Maria,Lopez Garcia,18,50.79,158,77,96/50,37.1,4.35,5087,264677,41,69,13
AESS670817J6C,mujer,Melisa,Quiñonez Ortiz,55,57.35,163,80,141/86,36.9,4.33,5592,324012,36,96,15
EOPS8310130M4,mujer,Maria,Guzman Torres,39,58.96,162,82,119/69,37.0,4.41,7740,292907,35,82,11
IOLR981022RD2,mujer,Valeria,Rodriguez Sanchez,24,65.93,164,96,115/72,37.6,4.67,6166,231096,37,83,13
DAAE910611K2H,hombre,Ivan,Canul Cortes,31,70.28,179,88,111/66,37.3,4.88,7348,265212,35,90,10
EOLB821205N5L,hombre,Angel,Garcia Gomez,40,70.44,177,81,107/70,36.6,5.28,5872,172325,35,78,15
IOLR170125WF4,mujer,Esther,Calderon Osuna,5,21.23,114,92,109/54,36.7,4.82,3772,330984,40,69,14
ZILE7409297BA,mujer,Sophia,Perez Gonzalez,48,73.26,170,74,120/90,37.3,4.31,6133,224011,32,93,11
OEOE200518LQÑ,hombre,Luis,Blanco Melendez,2,12.97,83,86,102/59,35.9,4.62,8019,272774,30,82,11
UOAC5308062EF,mujer,Daylin,Balbuena Montaño,69,61.89,162,78,129/86,36.7,4.33,6614,227893,35,85,13
AANN1102283OO,hombre,Aldo,Mendez Salgado,11,31.01,139,96,85/67,37.2,4.75,4195,283285,25,98,8
SOME221116BQQ,mujer,Magali,Lopez Gallardo,0,4.95,50,97,66/54,36.7,4.71,6445,315391,38,90,13
DEOQ100606SZD,hombre,Jacob,Ornelas Alanis,12,63.70,161,79,117/64,37.0,5.38,8068,278272,38,70,12
OUYM0904222UM,mujer,Estefany,Ramirez Bernal,13,46.57,157,81,95/47,37.7,4.83,8491,240034,35,90,8
MOEY830130LÑW,mujer,Estefania,Valencia Hernandez,39,83.18,174,73,121/75,36.8,4.70,3427,305402,33,91,14
TOAS851210A24,mujer,Isabella,Camacho Valdivia,37,55.72,162,80,116/67,36.6,4.82,7726,197047,33,78,10
HATG1209104UU,mujer,Michelle,Vilchis Quiñones,10,38.18,142,82,97/74,36.6,4.36,7230,305062,31,97,16
OAPT720809DR3,hombre,Jose,Gonzalez Romo,50,71.61,178,70,123/79,37.4,4.84,7115,176379,35,101,14
EEYH880205E27,hombre,Dante,Garcia Martinez,34,89.52,184,87,107/67,36.8,4.87,4148,249227,32,79,11
CICR910621F1U,hombre,Luis,Mora Fuentes,31,79.21,183,94,110/66,37.2,5.53,5258,220994,42,85,14
OAZN111124VSE,hombre,Jacob,Marquez Guzman,11,29.67,139,82,94/58,36.8,4.42,6657,164588,33,77,11
TARR7007164LJ,mujer,Maria,Canche Ramirez,52,59.37,164,85,125/79,36.7,3.96,4033,287472,36,90,9
IOSI061214EZN,hombre,Carlos,Mendez Delgado,16,85.34,185,87,107/59,36.7,5.13,8754,189870,30,85,9
BIER941202Z9E,hombre,Luis,Saucedo Castro,28,72.52,177,80,107/72,37.2,5.09,7091,211126,35,95,8
AIPI001112G52,hombre,Julio,Garcia Rivera,22,100.91,193,79,112/76,37.5,5.01,7378,257356,39,90,7
AEEZ921228ATK,hombre,Marco,Castillo Cortes,30,79.18,180,88,121/63,36.7,5.04,6588,204646,28,92,13
IESU111202UN4,hombre,Oscar,Hernandez Torres,11,53.71,160,93,97/42,37.5,5.28,8024,273734,31,80,7
AIES7006150AX,mujer,Lia,Hernandez Alcaraz,52,46.01,152,92,131/80,36.8,4.29,6552,324321,37,98,6
TOEI851012F8I,hombre,Emiliano,Hernandez Lazaro,37,74.24,177,79,105/64,36.5,5.60,7167,249781,33,102,14
EANV720810Ñ0T,mujer,Victoria,Varela Castillo,50,54.09,159,80,141/72,37.2,4.27,5636,253278,33,109,12
LEMN1310196Z0,mujer,Amalia,Vazquez Dominguez,9,35.50,139,82,98/63,36.6,4.58,7084,294460,32,83,9
AAEM7203105O5,hombre,Mateo,Hernandez Hernandez,50,70.17,178,67,129/73,37.1,5.18,4088,167787,28,96,9
UALE010129Z9Ñ,hombre,Santiago,Martinez Maldonado,21,59.41,169,75,119/75,36.6,5.56,7780,197815,29,99,15
CIMO781231ÑOE,mujer,Elena,Saldivar Felix,44,54.76,160,81,132/80,36.4,4.25,7363,307880,35,88,12
AOLC920416WWK,hombre,Alexander,Lopez Torres,30,69.65,179,80,112/61,37.1,5.17,6814,271542,37,95,12
AOST670731BOQ,mujer,Renata,Estrada Castillo,55,53.51,158,60,135/82,37.1,4.60,4011,292670,32,77,10
OAUE8306022UZ,hombre,Matias,Reyes Alarcon,39,96.49,189,78,121/71,37.2,4.99,5237,238788,36,83,14
LADB820917HWG,hombre,Emiliano,Ceron Hernandez,40,62.69,169,74,118/75,36.9,4.41,4290,301934,29,79,8
TART710806XGD,hombre,Carlos,Velazquez Araiza,51,80.55,183,97,122/74,37.0,4.40,6876,303453,34,86,12
SALM931002FV1,mujer,Rebeca,Lara Tellez,29,58.26,164,70,135/67,37.1,4.54,5521,241479,35,109,16
ROAE700823UXM,hombre,Jose,Jacinto Galvez,52,63.70,171,79,110/86,37.4,4.93,7171,288121,42,94,12
DEBR771224BO2,mujer,Esmeralda,Cornejo Gonzalez,45,67.05,168,76,133/72,37.1,4.49,8270,260551,32,83,13
OEOT95071899A,hombre,Angel,Preciado Banda,27,75.65,183,68,121/69,37.2,5.54,4228,205897,27,79,11
VAES8004168U7,mujer,Maria,Avila Moya,42,88.64,177,82,134/83,36.0,4.21,5633,183573,34,92,10
MEQE1909040KA,hombre,Sebastian,Perez Herrera,3,15.91,101,95,90/56,37.0,5.06,5812,180718,37,80,13
BOOR980202ZÑU,mujer,Fernanda,Rodriguez Urbano,24,60.86,163,89,126/62,36.8,4.95,5720,191041,39,92,14
EESC711203CBD,hombre,Juan,Perez Noriega,51,70.04,177,72,123/78,36.6,4.55,6063,237325,36,85,14
AEUC691016HOI,hombre,Jesus,Contreras Cruz,53,68.80,177,87,139/81,37.1,5.02,8194,203887,32,87,10
AEAI081228ÑFC,mujer,Vanessa,Tamayo Ibañez,14,46.74,156,69,103/73,36.9,4.23,7498,205701,32,94,9
IUBA700915HEÑ,hombre,Emmanuel,Narvaez Camargo,52,70.57,177,81,122/80,37.1,4.87,8504,227559,37,83,7
REER850715SMS,hombre,Guillermo,Torres Ortega,37,83.04,182,74,113/77,36.9,4.60,7983,185910,36,90,14
UAIR860820RLA,hombre,Jose,Vizcarra Hernandez,36,70.67,176,77,115/72,36.6,5.14,8785,179113,30,87,7
LEGT210625B6A,mujer,Renata,Vazquez Carrasco,1,12.48,79,90,99/62,37.2,4.25,8520,208497,41,88,11
COLM101118V0Y,hombre,Samuel,Lopez Romero,12,61.80,160,100,112/58,37.0,4.68,6949,247665,39,74,10
AAUM850419XZG,hombre,William,Amador Colorado,37,98.34,192,81,112/71,37.3,5.24,5548,275644,35,85,10
OARR1802284BK,mujer,Eva,Martinez Cruz,4,20.96,108,98,99/68,36.0,4.51,9046,300143,31,72,16
UACU751219T4C,mujer,Ximena,Camargo Martinez,47,57.64,164,82,120/81,37.2,4.65,4525,205123,36,88,9
DEYA570428YA0,mujer,Sofia,Vergara Carmona,65,58.62,164,82,108/84,36.3,4.73,7105,273766,36,75,10
IISE6401157HZ,mujer,Victoria,Camacho Martinez,58,66.77,167,73,137/85,36.6,4.43,7679,276412,37,91,9
VACN191021D4U,mujer,Sofia,Gomez Flores,3,15.78,95,76,107/60,35.5,4.46,5047,266008,36,100,12
SECI741029H6U,hombre,Eduardo,Ruiz Martinez,48,71.86,174,77,138/86,36.9,5.29,5445,191303,34,85,9
IOOT050513PF9,mujer,Scarlett,Perez Lopez,17,54.70,164,76,95/60,36.9,5.11,6889,235114,36,94,13
DIAU120714MA7,hombre,Matias,Soto Ramirez,10,27.15,134,86,102/76,36.7,4.98,6095,147946,33,105,15
BASO900910BTF,hombre,Jose,Melendez Chavez,32,70.73,177,66,109/70,36.8,4.86,7209,227261,35,84,13
TOAQ5506010Y0,hombre,Irving,Sanchez Gonzalez,67,55.88,163,84,112/77,36.7,5.65,5287,206147,42,100,15
EEOL990422LTG,hombre,Patricio,Aguilar Mejia,23,88.66,185,61,113/69,37.0,5.13,4916,188802,37,92,13
CUAT640924RF2,hombre,Elias,Valdes Perez,58,96.52,192,82,122/79,37.8,5.14,5383,260950,32,105,11
NAOQ1812079FÑ,hombre,Jose,Arana Ojeda,4,18.42,104,94,91/64,36.3,5.19,6121,261567,37,76,14
SAGS7811141B8,hombre,Francisco,Perez Ortiz,44,69.12,178,99,113/70,36.8,4.95,6903,190306,31,72,10
IIQA460214I05,mujer,Alexa,Gonzalez Molina,76,57.14,159,70,131/80,37.0,4.37,4423,340093,37,88,10
OIAE161114PCG,mujer,Jimena,Almanza Carrasco,6,22.25,119,85,100/44,36.9,4.35,5472,212890,38,65,11
VOUA000725HY4,hombre,Luis,Hernandez Orduña,22,71.01,177,96,109/74,37.3,5.41,5549,233917,42,78,8
IEPA110318VDÑ,mujer,Lizbeth,Montoya Magallanes,11,37.83,144,106,98/48,37.4,4.51,6904,241246,31,90,12
NAQY6710017H3,mujer,Ivana,Dominguez Hernandez,55,48.78,151,77,123/87,36.8,4.28,7068,297958,39,86,9
EULD04121008S,mujer,Angelica,Valencia Zermeño,18,51.36,152,85,105/78,36.3,4.45,6387,274310,37,92,7
EENI530511B1Z,hombre,Mauricio,Sepulveda Villalobos,69,79.54,182,88,132/84,36.8,5.40,6620,196698,38,84,12
DESN570401I9U,mujer,Beatriz,Gallegos Rivera,65,56.75,162,77,116/84,37.3,4.60,7427,222198,34,106,10
LOVO870704VYJ,hombre,Dylan,Hernandez Pacheco,35,69.94,173,77,117/74,36.8,5.30,7780,187445,34,90,12
EODO061120NYS,hombre,Eder,Villanueva Rodriguez,16,63.50,174,86,105/68,37.3,4.70,7926,220761,37,101,15
RASU031024SMT,mujer,Alejandra,Gamboa Lopez,19,50.33,154,77,106/70,37.1,4.59,4882,237496,37,71,8
SAAA980222CW7,hombre,Jose,Hernandez Sanchez,24,64.63,172,93,105/72,36.7,4.70,6800,223647,32,91,13
PEEM611223JUT,hombre,Emilio,Muñoz Cruz,61,100.25,189,77,118/83,37.2,4.98,7207,230250,34,85,8
IEIE040707X0C,hombre,Daniel,Rincon Perez,18,67.58,180,91,96/62,37.1,5.54,7115,206022,35,77,16
DASO030821FI1,hombre,Luis,Martinez Esquivel,19,77.50,180,75,120/65,36.9,4.69,6217,166998,35,87,9
LASO840709Y0A,mujer,Alejandra,Jacobo Rivas,38,47.75,157,97,111/68,36.9,4.79,8394,206298,37,99,14
EAIA1704095GA,mujer,Maria,Rodriguez Morales,5,21.86,109,112,107/64,36.3,4.92,6635,329062,32,94,10
REME671217Q2X,mujer,Miranda,Fuentes Diaz,55,51.11,162,85,125/77,37.2,4.29,7282,275269,39,86,6
SERD650225YPG,mujer,Estefany,Cortes De la rosa,57,57.69,160,85,122/75,36.6,4.01,3442,249431,37,90,10
OIAC5711249DS,hombre,Yael,Chi Zurita,65,71.25,176,74,123/80,37.4,5.39,4983,235061,39,90,14
ROUI930220C66,hombre,Yair,Palacios Reyes,29,72.59,177,96,127/70,37.5,5.09,5979,197863,40,92,12
VIZE1908293SV,mujer,Naomi,Sanchez Garduño,3,14.74,97,113,112/57,36.2,4.77,8840,291654,37,96,13
NACN011203PGF,hombre,Leonardo,Hernandez Herrera,21,97.43,189,71,127/68,36.9,4.73,9343,166851,39,80,12
EUFN901114PZF,mujer,Monserrat,Cruz Parra,32,57.29,163,85,122/67,36.8,4.59,8657,234005,32,82,15
AODR140702VPA,mujer,Jaqueline,Fuentes Morales,8,23.16,121,78,95/53,36.6,4.85,5443,199518,38,87,6
SAUT690803N9P,hombre,Angel,Jimenez Castañeda,53,101.74,190,73,141/80,37.0,4.67,6256,285108,34,89,13
RURY680113KSS,hombre,Ricardo,Garcia Rodriguez,54,78.64,179,85,143/80,36.9,4.97,7429,235878,39,86,9
TALE181102X3P,mujer,Luisa,Juarez Olivares,4,19.85,105,91,113/55,36.5,4.75,7924,282201,42,105,9
AEEN6202279GN,hombre,Maximiliano,Mendez Perez,60,64.56,172,75,133/84,36.6,4.42,8753,292975,30,80,7
AIMÑ830804PCN,mujer,Sarahi,Ferrer Coronel,39,53.33,159,79,117/73,36.6,4.51,9492,241161,35,84,12
LEEZ090831UHT,mujer,Yoselin,Hernandez Guerrero,13,53.69,163,70,91/50,36.7,4.39,5551,219199,30,76,13
UOIE7307125YY,hombre,Ricardo,Zuñiga Vargas,49,70.47,176,87,128/81,37.3,5.33,7234,206300,34,81,12
AAAD9201173EU,hombre,Dylan,Santillan Cortes,30,78.22,186,81,104/60,36.6,5.30,7166,155133,36,87,12
NUAN74110344Y,hombre,Alexander,Roman Hernandez,48,95.26,188,68,133/80,36.4,5.42,5922,220942,26,85,13
CAAA640527171,hombre,Angel,Diaz Romero,58,79.97,183,88,134/81,36.9,5.29,8000,220500,40,78,12
AANS570104X94,mujer,Nayeli,Chavarria Jaimes,65,69.88,168,75,130/84,37.3,5.04,8107,305116,39,92,8
RIEN760723X9F,mujer,Carmen,Coronel Sanchez,46,57.47,164,78,121/76,37.2,4.42,5326,263913,31,89,11
NESE090805KR5,hombre,Jorge,Ayala Mendiola,13,53.43,162,69,94/60,37.4,5.33,5457,242260,33,86,11
UIII220223B9Y,hombre,Ian,Aragon Ochoa,0,6.20,54,96,63/42,36.5,5.25,4980,256899,32,82,12
UOAO5901032VT,mujer,Montserrat,Cruz Lopez,63,52.95,159,84,107/86,37.8,4.58,5613,232733,35,90,15
NEOR991104LG7,mujer,Sofia,Caldera Lozada,23,58.26,165,89,121/72,37.0,4.72,8413,275015,39,87,13
OONC690304JAS,mujer,Guadalupe,Hernandez Guzman,53,75.54,170,76,139/81,36.6,4.64,7324,244448,36,91,7
LUDE030907ETN,hombre,Fernando,Lopez Lopez,19,54.00,165,79,123/72,37.1,5.01,4943,242019,28,80,8
AALL1501056KU,mujer,Romina,Flores Heredia,7,24.80,127,82,96/50,36.4,4.85,7946,336333,37,73,11
DOEV400901R5K,mujer,Daniela,Rios Reyna,82,82.22,175,93,109/77,36.4,4.69,8070,267626,35,91,10
SEDR690412XFO,hombre,Alexander,Huitron Martinez,53,54.94,165,69,141/77,37.6,4.87,7838,171342,35,92,11
CEIR69030939A,hombre,Matias,Martinez Valdez,53,63.85,171,79,133/84,36.9,5.30,7180,316815,38,107,9
GAAT870425UR2,mujer,Renata,De la cruz Villaseñor,35,50.43,158,60,104/76,37.0,4.19,5894,346282,32,84,11
SIDU870107SKQ,hombre,Jesus,Romero Martinez,35,63.66,170,89,100/62,36.8,5.07,5727,256785,28,101,11
EEOE010615K63,mujer,Ana,Ruiz Grimaldo,21,58.73,161,84,111/71,37.0,4.46,6526,335872,30,73,8
CIER65082248X,mujer,Danna,Ayala Calixto,57,52.05,159,68,135/79,37.1,4.18,7841,206216,36,79,12
CIVA140707DEE,mujer,Marlen,Lopez Jimenez,8,25.85,127,89,104/45,36.8,4.11,3818,214436,31,97,11
RAHS401104KJF,mujer,Amanda,Hernandez Mendez,82,53.40,158,68,125/83,36.8,4.30,6014,247330,37,92,14
SEEE900227LNR,mujer,Samanta,Huitron Mauricio,32,58.96,163,77,121/64,36.8,4.35,4310,286908,37,83,7
EAER9607114K7,hombre,Jose,Castillo Rueda,26,89.14,186,83,127/64,36.9,4.98,6515,194119,30,91,9
RIOL890319RTO,mujer,Paulina,Viveros Manuel,33,61.52,164,76,116/73,37.5,4.02,6100,267792,41,81,8
DAAN121209DOO,mujer,Abril,Reyes Grimaldo,10,33.46,136,93,82/61,35.5,4.11,4043,254567,37,86,11
OEOE210627QDÑ,mujer,Emma,Pech Jimenez,1,12.49,75,88,89/60,36.3,4.57,7571,334241,31,95,7
NOOU180502YXN,hombre,Javier,Cancino Santiago,4,18.31,104,105,103/46,36.2,5.01,5252,190415,36,79,8
EOFS7007293YÑ,hombre,Gabriel,Duran Garnica,52,73.50,176,75,124/84,37.2,4.82,8167,174953,40,95,12
HASE781026B9H,mujer,Estefania,Alonso Zetina,44,89.93,174,70,132/83,37.1,4.19,5670,259109,37,90,9
NEYL1207187FT,mujer,Magali,Garcia Aguirre,10,30.81,135,95,100/76,36.5,4.90,6961,359567,34,83,7
JOEN061026NUX,hombre,Angel,Canales Lugo,16,62.05,173,77,114/70,37.0,5.14,6701,227098,36,99,14
NAIG1605277IW,mujer,Andrea,Bustos Zavala,6,20.87,114,93,95/62,36.3,4.40,8198,291668,34,92,11
DUAR960518K2R,hombre,Israel,Macias Hernandez,26,79.27,186,84,124/70,36.7,5.44,6141,220284,30,77,10
DUDE080921AOH,mujer,Ana,Cervantes Chavez,14,46.79,156,90,103/63,37.2,4.49,6541,294334,35,87,15
LANA7009057IK,mujer,Rebeca,Vazquez Nuñez,52,68.41,168,74,124/81,37.3,4.51,6624,306040,36,74,9
EOAO741126Z90,mujer,Renata,Espinoza Lopez,48,63.16,165,75,113/71,36.9,4.59,5112,167580,37,96,10
IUTA041009W3L,hombre,Cristobal,Ramirez Gonzalez,18,69.12,176,65,112/63,36.9,5.06,7756,300502,39,97,8
IATT650422FCE,mujer,Maria,Hernandez Alvarez,57,88.37,174,88,115/77,37.1,4.58,4162,199359,36,71,13
EARE490528XUT,hombre,Isaias,Suarez Valle,73,79.88,181,92,113/75,36.3,4.52,6748,275398,43,94,14
AOAR140818I9R,hombre,Matias,Dominguez Soriano,8,24.87,123,99,110/61,36.7,4.87,7773,242327,38,97,10
TAOC801230C5J,hombre,Isaac,Cota Campos,42,72.82,176,91,138/82,36.7,4.63,5125,184000,27,83,13
REEI060605COO,hombre,Esteban,Espinosa Jimenez,16,88.35,187,81,105/80,36.5,4.83,7345,278143,42,88,8
UECS770308WHM,hombre,Jesus,Guzman Martinez,45,80.59,180,96,121/83,37.6,5.42,6401,207024,37,89,11
EAPL9809076EQ,hombre,Santiago,Escamilla Rodriguez,24,60.76,169,71,106/74,37.3,4.98,6039,307289,36,100,13
OACO210315PR3,hombre,Jose,Bautista Alvarado,1,8.70,72,111,88/43,36.7,4.99,6478,229006,27,105,14
FADO910404GTO,hombre,Joshua,Chable Arredondo,31,71.34,176,76,133/67,37.0,4.54,4368,285173,31,81,12
NAES6312113KU,hombre,Henry,Castillo Segura,59,62.86,171,86,132/79,37.3,5.37,7975,231664,39,68,12
DEIE9103068DX,mujer,Elena,Toledo Landa,31,75.88,172,81,127/69,36.6,4.93,4747,208376,35,94,9
OAEE211218MLW,mujer,Noemi,Flores Jacinto,1,12.29,74,100,90/67,36.2,4.94,4993,217187,32,75,11
SIAM051105GF6,mujer,Emily,Bello Perez,17,71.26,173,74,104/56,36.8,4.58,5179,236629,39,79,10
EESB150102E4C,mujer,Ana,Gonzalez Martinez,7,19.15,112,88,98/63,36.6,4.73,4945,212876,35,84,13
OANM960725XV9,mujer,Melissa,Ibarra Alejandre,26,67.63,167,97,115/68,36.8,4.82,9358,322361,37,96,9
EEDL220117J2M,hombre,Mateo,Preciado Lazcano,0,1.50,45,133,45/40,37.2,4.65,7067,279959,31,93,8
TUSR20080379D,hombre,Luis,Muñoz Vargas,2,14.38,83,90,101/54,36.6,4.53,8535,234118,30,85,14
NINR630822ÑVU,mujer,Valeria,Galvan Zuñiga,59,53.27,159,78,126/81,37.2,4.48,9171,267337,32,83,13
UOLI73092341I,hombre,Iker,Reyes Jimenez,49,58.21,166,71,113/87,36.8,5.08,5512,217017,36,86,14
EEAD8908177BP,mujer,Ana,Mejia Grimaldo,33,53.39,159,79,119/75,37.1,4.85,6961,210239,38,86,12
CORC930619Ñ6H,hombre,Fernando,Lopez Sanchez,29,87.08,186,89,124/67,37.4,5.26,9305,181407,29,83,13
SESM211016BRL,hombre,Alejandro,Hernandez Rincon,1,11.30,76,102,95/50,36.6,5.00,7629,280119,40,81,11
AEEO081022TQ6,hombre,Cristian,Ramirez Martinez,14,52.19,163,82,105/59,36.7,4.93,3618,214928,34,88,10
IAEQ0707021KZ,hombre,Joel,Godinez Barajas,15,64.43,176,96,103/67,37.2,4.82,5378,242611,39,85,9
EUEO140718CJT,hombre,Uriel,Varela Hernandez,8,38.88,138,98,93/59,35.6,5.27,7308,233856,33,66,12
UEEN790925ÑIX,mujer,Esperanza,Torres Garcia,43,55.92,161,72,123/82,37.1,4.78,4434,311635,32,88,15
EIRL0402265H7,mujer,Maria,Lopez Rivera,18,53.56,162,80,101/70,36.8,4.84,9489,252054,34,92,15
AEDT180918R5F,hombre,Liam,Barrera Garcia,4,17.42,105,103,104/66,36.7,4.59,7223,312630,30,96,11
COIO1512156P7,mujer,Maria,Moreno Martinez,7,20.11,118,93,120/67,36.7,4.12,5795,250395,29,85,13
NAUU0701153YG,hombre,Gael,Vallejo Cruz,15,48.38,160,72,93/74,36.9,5.28,7882,249785,30,82,10
NEEA570504L5Y,hombre,Axel,Rodriguez Flores,65,72.95,178,62,111/76,36.9,5.02,4835,291085,32,99,8
DAMD071217TGF,mujer,Maria,Alvarado Mendez,15,53.23,162,88,97/65,37.4,4.07,6542,282722,29,83,11
SEIP070221MPA,hombre,Oliver,Moreno Gomez,15,55.09,172,63,96/75,37.0,5.16,6922,207497,33,86,15
SANS650506CPP,mujer,Jocelyn,Marquez Hernandez,57,46.45,151,86,123/78,37.0,4.37,6131,255203,34,86,11
SIMI951229QNS,mujer,Andrea,Cano Camacho,27,59.56,167,75,129/73,37.0,4.35,6130,259238,36,100,11
CIRG130102GQW,hombre,Andre,Campos Vazquez,9,28.53,134,104,98/53,36.6,5.03,6936,196827,32,101,14
UOIN0107014ZU,hombre,Leonardo,Gomez Valverde,21,70.13,176,82,120/66,37.0,5.04,7267,204158,28,71,11
REOP821104HMM,hombre,Damian,Martinez Tomas,40,65.25,172,77,105/72,37.1,4.91,6582,301803,40,97,11
RINR960317Z38,mujer,Genesis,Rodriguez Mendez,26,57.05,158,74,123/68,36.9,4.02,5487,289955,36,84,7
AENA930323U20,mujer,Yareli,Perez Arenas,29,66.85,168,76,119/69,36.7,4.37,6172,221983,35,86,10
TUUE630624CTH,hombre,Dylan,Morales Figueroa,59,89.75,186,76,130/85,36.8,5.09,4270,211861,39,85,11
NOWC85083047O,mujer,Camila,Almazan Esparza,37,49.20,158,78,118/71,36.9,4.72,8355,209532,35,89,12
AAUÑ890625XR6,mujer,Aitana,Salazar Rivera,33,50.06,159,73,101/73,36.6,4.16,7143,256020,34,84,9
CIDR6112020EJ,mujer,Regina,Aguilar Sanchez,61,58.25,163,69,127/71,37.0,4.78,5644,188434,39,83,6
RAIE831110MDF,mujer,Ana,Soto Resendiz,39,65.53,166,76,106/64,37.4,4.69,5769,317142,33,91,9
OAAA1004089BU,mujer,Lucia,Portillo Ramirez,12,56.30,161,79,93/64,37.1,4.45,6540,306714,35,84,15
TICA150425NVO,mujer,Mia,Mendoza Vasquez,7,23.38,124,87,102/77,36.7,4.88,4191,255352,36,97,11
PEYC19080883S,hombre,Dariel,Lopez Gonzalez,3,15.74,95,86,118/60,36.7,5.11,5832,270231,34,87,14
EAMR2011236WF,hombre,Jesus,Vazquez Lopez,2,11.49,84,76,117/56,35.2,5.43,6412,261037,38,96,11
EEBL350731ÑOX,hombre,Abdiel,Ballesteros Mercado,87,68.87,175,89,144/80,36.3,5.05,5340,215538,28,96,10
OIMR490206KJJ,hombre,Uriel,Vazquez Delgado,73,81.78,183,67,106/75,36.4,5.36,6305,257264,38,80,13
NASE84040876L,mujer,Alexa,Gomez Aguirre,38,58.94,162,60,120/62,37.2,4.84,8018,214372,35,83,12
EORO0308109Y6,mujer,Vanessa,Espinosa Martinez,19,57.68,162,71,120/67,36.5,4.32,6184,184210,35,89,8
DOOC2106119SO,mujer,Frida,Calderon Tinoco,1,10.53,75,99,94/42,36.2,4.44,7655,234828,36,95,12
EALC600401ÑM4,hombre,Luis,Martinez Ontiveros,62,71.16,178,86,119/79,36.5,4.80,5429,210445,40,78,8
GURU900607X8N,hombre,Luis,Vasquez Lopez,32,55.27,163,84,111/72,36.6,4.78,9573,259318,38,91,11
AAZL971225ÑK7,hombre,Jesus,Hernandez Cruz,25,73.83,177,72,134/68,37.6,5.10,4317,294109,30,93,14
BICC970228KCY,hombre,Jesus,Sandoval Chino,25,72.13,176,74,118/70,37.2,4.77,6763,256353,35,95,9
EAAO010611ZW6,hombre,Alejandro,Benitez Lopez,21,64.80,173,81,114/71,36.8,4.87,7584,193382,32,104,13
OESB6105046GU,hombre,Mario,Zambrano Antonio,61,70.44,178,68,117/83,37.1,5.38,6764,160366,26,87,9
AEAS6301148YD,mujer,Abril,Anastacio Cano,59,69.21,168,90,136/72,37.0,4.34,6351,340053,36,95,16
GONG120705JST,mujer,Vanessa,Cruz Alejo,10,33.57,137,85,89/41,36.8,4.82,9209,188373,30,85,9
SAET66042299U,mujer,Aitana,Castro Acosta,56,58.28,165,76,121/76,36.8,4.26,6740,266628,35,84,9
DINR780603K18,hombre,Mateo,Navarro Marin,44,90.57,186,87,119/81,36.4,4.52,6516,267394,31,83,15
OEEB600314LVS,hombre,Santiago,Araujo Avendaño,62,58.92,166,84,113/86,36.7,5.16,6695,217018,39,90,11
AETE140120QDA,hombre,Francisco,Balderas Flores,8,27.20,128,95,108/48,35.8,5.03,5033,277898,31,90,9
LIEE381126QQ1,mujer,Natalia,Olmos Cardenas,84,66.33,166,81,122/76,36.4,4.59,7016,229339,40,86,9
SAOD100528DN0,hombre,Jose,Montelongo Castro,12,41.28,149,80,103/57,37.1,4.78,7225,311678,33,103,9
ROEE711007Ñ14,hombre,Luis,Ruiz Luna,51,63.87,172,99,113/80,37.3,5.10,5238,241226,37,94,10
NENE060318XLJ,hombre,Carlos,Rodriguez Serrano,16,59.23,174,70,100/58,36.7,4.89,7603,161188,34,106,12
POAS410731MT3,mujer,Yatziri,Marquez Gomez,81,46.61,154,79,105/84,36.5,4.65,7128,307501,43,87,15
DUIJ041231FWO,hombre,Mateo,Martinez Reyes,18,69.27,177,76,110/62,37.3,4.85,8025,263133,37,83,11
EEEA161113BBP,mujer,Marisol,Rodriguez Dominguez,6,16.90,115,88,101/77,36.7,4.43,9409,224297,34,74,11
LEAC030727IO7,mujer,Victoria,Avila Acosta,19,55.73,164,81,133/74,36.9,4.74,6665,218251,33,79,9
RAVE9804158YA,mujer,Frida,Roque Zavala,24,65.18,169,67,109/74,36.3,4.81,5660,292665,34,71,11
DEYE960205BJU,hombre,Luis,Mejia Cortez,26,64.61,172,77,119/67,37.1,4.74,5461,196821,36,94,6
AEAL220419ÑLI,hombre,Santiago,Serna Perez,0,2.59,43,80,74/37,37.0,5.52,8417,224870,40,84,10
TAMS1204028F7,hombre,Carlos,Cordova Roman,10,46.48,150,102,105/59,36.9,4.95,6998,185634,37,96,10
OACN090609IIX,mujer,Maria,Zuñiga Lopez,13,48.71,157,66,103/65,37.3,5.12,7337,241889,37,78,8
IOAL800929EMW,hombre,Abraham,Castillo Jimenez,42,76.91,185,86,131/84,37.0,5.02,7788,298361,38,96,8
PANI8910107L0,mujer,Mariel,Vasquez Sanchez,33,53.20,159,79,101/77,37.1,4.79,5675,190541,40,79,12
AENE210915PLV,mujer,Constanza,Arenas Aguilar,1,8.34,74,91,95/56,36.8,4.57,8374,194156,37,92,11
OERC071006WHV,hombre,Felipe,Medina Ramirez,15,63.71,175,81,96/69,36.9,5.18,4419,269768,40,96,8
ROOS180407J85,mujer,Maria,Castro Sanchez,4,18.44,104,99,109/77,36.0,4.17,6421,344652,34,86,9
AIAN100524LKB,hombre,Leonel,Olivas Sanchez,12,31.70,140,74,105/56,37.2,5.14,8509,204086,34,89,11
EEOI7512240H9,hombre,Liam,Guzman Cauich,47,71.45,178,77,128/82,37.4,5.30,8087,311848,29,79,15
CELI730526OOW,mujer,Ana,Velazquez Hernandez,49,45.69,151,83,120/75,37.1,4.87,6605,240007,38,93,10
IEMC01061653I,mujer,Valentina,Garcia Velazquez,21,59.46,163,92,99/63,37.5,4.56,6442,366095,36,109,10
EAIN020720A8R,mujer,Regina,Sanchez Perez,20,53.38,159,91,111/73,36.8,4.36,5202,224591,30,88,6
UEEL120503H7T,mujer,Ariadna,Giron Vazquez,10,33.22,139,98,109/68,35.9,4.82,8395,243245,34,95,8
UAOR181020WWU,mujer,Fatima,Garza Marquez,4,15.65,100,75,95/79,35.8,4.65,7900,313730,30,82,9
OEIM050806W96,hombre,Victor,Perez Hernandez,17,58.88,171,87,113/62,37.1,4.75,5740,207021,35,81,13
UARS000820GII,hombre,Santiago,Jose Arredondo,22,67.76,177,85,112/61,37.5,4.69,8604,254369,34,91,8
EILE2004206BU,mujer,Victoria,Perez Davila,2,15.16,92,75,101/63,36.2,4.57,3686,252902,39,106,8
EOAR000225B85,mujer,Dariana,Sanchez Garcia,22,67.71,168,72,125/73,37.4,4.45,5603,250071,38,83,10
SEAS031124V18,hombre,Saul,Bañuelos Morales,19,78.07,182,94,111/74,37.8,4.69,6402,222952,35,90,12
EAPA650507TUN,mujer,Alison,Flores Meza,57,53.21,159,81,122/78,37.0,4.08,7511,349418,34,78,12
DAAD9004193M8,hombre,Ian,Morales Alvarez,32,72.29,177,85,125/72,36.3,5.21,6525,183750,36,89,10
TEEE071204MO3,hombre,Santiago,Martinez Gongora,15,67.29,175,98,111/58,37.0,5.34,8141,230593,38,80,13
LECU760723650,hombre,Santiago,Aguilar Ventura,46,72.48,177,83,125/76,36.9,4.98,7256,205621,36,84,11
LEYG940505569,hombre,Alejandro,Barajas Luna,28,71.20,177,74,107/74,37.1,4.88,7315,171748,38,93,11
EOCS120621JN3,mujer,Regina,Mejia Gonzalez,10,35.72,136,99,98/40,36.1,4.50,5270,177725,38,86,11
LUAE6110163VT,mujer,Ximena,Perez Villarreal,61,58.81,163,75,136/77,37.5,4.82,7632,242470,33,71,11
AESA890118YR0,mujer,Ambar,Falcon Aguilar,33,54.20,158,84,102/75,36.9,4.91,4994,209254,36,88,9
PAOI021014E3G,mujer,Valentina,Pichardo Alvarez,20,51.56,153,70,135/78,36.2,4.21,5567,337715,33,92,12
NAIM900312Ñ31,hombre,Leonardo,Reyes Gutierrez,32,70.97,179,74,126/66,37.2,4.75,9497,152446,29,86,7
YEEN550703PTZ,hombre,Luis,Chaparro Lozano,67,67.70,178,77,113/78,36.5,4.58,6871,244874,34,91,9
UIPT950911PHD,mujer,Fatima,Perez Flores,27,58.53,163,61,127/67,36.6,4.23,4664,305179,39,104,13
HENR680306ZHZ,hombre,Noah,Mendez De la rosa,54,69.62,181,83,128/76,37.1,5.09,6164,217947,39,91,9
SIAO8107043AÑ,mujer,Karla,Ibarra Guerrero,41,59.53,163,99,128/77,36.9,4.67,8052,330225,36,84,11
FEEI4603067W5,mujer,Renata,Marcelino Ramos,76,73.86,171,97,117/83,36.0,4.16,7818,221898,37,89,14
CEAA190413PPG,hombre,Eliel,Martinez Dominguez,3,19.46,100,107,106/51,36.3,4.87,5852,197866,38,93,10
OAVE080324PU1,hombre,Santiago,Perez Davila,14,50.76,164,76,108/57,36.7,4.53,5093,219161,33,81,11
DEAU9411289MR,hombre,Emmanuel,Salazar Luna,28,65.82,172,77,126/70,37.0,4.67,6957,154654,27,86,7
OOYD881005PWX,mujer,Angela,Lopez Hernandez,34,51.99,156,78,123/76,36.5,4.28,7534,282952,36,92,13
NADI1309063QI,hombre,Rogelio,Ramirez Vargas,9,30.77,137,99,88/53,36.7,5.64,3546,215674,30,104,14
ÑINU601112EBP,hombre,Jesus,Davila Espinoza,62,70.63,173,84,133/82,36.6,4.85,7080,143629,33,88,12
AAOA790330LAP,hombre,Dante,Giron Molina,43,81.62,181,88,144/83,37.3,5.22,7105,304476,33,97,11
IITA940726UBH,mujer,Isabella,Alvarado Cruz,28,57.79,166,70,110/72,37.5,4.62,7013,236291,31,77,10
NOOD15051390Ñ,mujer,Guadalupe,Sanchez Torres,7,23.61,115,84,98/60,37.9,4.49,6030,328084,37,85,10
AICI700904NE7,hombre,Jose,Moreno Pascual,52,99.09,189,82,136/79,37.5,5.37,8077,197333,32,97,10
ROSM121126WJ5,mujer,Lia,Aviles Hilario,10,45.78,150,76,83/58,36.4,4.71,6743,310772,34,90,10
EEAI870125HPP,hombre,Luis,Robledo Perez,35,72.98,177,60,115/68,36.6,5.26,4785,192657,34,86,9
IILE850423UST,hombre,Daniel,Ortiz Santiago,37,73.81,177,77,135/72,36.7,5.04,6596,191302,38,83,11
NETL000711021,hombre,Dylan,Leon Herrera,22,79.02,182,84,125/76,36.9,4.81,7113,240456,32,83,12
SIRT980730F8Ñ,mujer,Daylin,Ramirez Tamayo,24,67.53,167,84,110/67,37.5,4.76,8365,280741,43,86,12
AEJA1207188EV,mujer,Yazmin,Alegria Acosta,10,34.92,141,91,110/54,36.2,4.67,6891,210282,36,80,15
AESN090108HTM,hombre,Ian,Victoriano Amado,13,41.04,154,72,88/50,36.9,5.51,8307,316090,31,71,14
VAUL070920M1M,mujer,Karen,Juan Perez,15,47.47,158,73,109/57,37.1,4.62,5845,327613,37,94,15
RASP701026HÑS,hombre,Juan,Roman Lopez,52,71.01,177,96,135/84,37.0,4.53,4874,271759,33,114,14
RIMN800616IJX,hombre,Mateo,Almeida De santiago,42,57.51,168,64,124/81,36.8,5.42,4735,168400,30,81,10
BEDJ770913LVX,hombre,Mateo,Rosas Cortez,45,69.87,177,90,118/80,36.9,5.04,8878,232735,40,86,11
AAAU550723X0B,mujer,Fernanda,Murillo Gaytan,67,56.64,165,75,123/90,36.5,4.70,7508,231335,31,92,15
EONC090616Ñ98,mujer,Diana,Juarez Garcia,13,61.43,165,76,108/63,37.0,4.77,7317,326976,38,94,6
DODR001202TBZ,hombre,Leonardo,Diaz Martinez,22,71.69,177,78,105/73,36.5,4.87,8643,295226,28,96,10
CAID700216LZ0,mujer,Maria,Garcia Vazquez,52,52.96,160,87,135/74,37.1,4.30,6252,210846,39,89,13
AUNA620904ÑWY,mujer,Sofia,Flores Padilla,60,68.38,168,89,130/86,37.1,4.51,7727,170212,37,88,13
IAEL7804285LX,hombre,Carlos,Montañez Herrera,44,69.32,181,79,134/83,37.2,4.74,8960,159597,33,94,11
AEGV890124PNK,mujer,Guadalupe,Arriaga Mendoza,33,53.01,157,77,115/69,37.5,4.84,5926,274767,36,77,10
RAMG950826U01,mujer,Sofia,Ventura Castro,27,52.20,159,78,122/66,36.8,4.40,6787,292604,37,73,10
MAPO920116NRI,hombre,Emanuel,Martinez Ojeda,30,78.85,183,78,95/76,37.0,5.29,5680,228242,34,87,14
EAHE861008EPH,mujer,Danna,Lopez Ponce,36,58.27,165,65,112/69,36.6,4.34,6514,287981,42,73,13
AEDT870313M9S,hombre,Santiago,Cardona Cayetano,35,64.32,174,84,113/75,36.8,4.66,4817,274363,30,82,9
PASD170423600,mujer,Regina,Luna Hernandez,5,16.84,105,96,108/61,36.7,4.02,5504,246737,36,92,10
EINN060220K14,hombre,Emanuel,Villa Moreno,16,54.04,165,68,96/60,37.0,4.59,6715,224431,33,81,12
TARO180922OJD,hombre,Alex,Lozano Navarrete,4,13.66,95,92,107/41,37.6,4.93,6832,237914,39,94,9
IOVR9502024RE,hombre,Emiliano,Romero Rojas,27,56.58,165,81,111/75,37.0,5.30,6171,283467,30,75,12
BIOJ900821YSO,mujer,Ximena,Perez Marroquin,32,58.53,166,83,121/70,36.9,4.26,4671,326155,34,100,12
OAER700312Y46,hombre,Leo,Perez Gutierrez,52,70.34,174,90,128/82,37.1,4.55,4742,186183,38,88,9
SANA840917FYP,mujer,Roberta,Ramirez Hidalgo,38,52.97,159,82,116/73,37.1,4.19,7208,200760,33,83,11
ROBR180618SVZ,mujer,Alexa,Jimenez Contreras,4,14.09,93,104,108/69,37.0,4.46,6593,261904,39,87,7
UUCA49052317N,hombre,Gabriel,Garcia Garcia,73,70.29,177,70,122/85,36.4,5.07,6590,142409,29,94,11
DOEL350404F95,hombre,Mateo,Perez Salinas,87,89.54,186,85,117/89,36.4,4.85,6584,237002,32,87,11
EITL8409052UP,mujer,Aitana,Aguilar Hernandez,38,57.70,163,65,128/70,37.6,4.51,8312,306333,35,91,12
CIGR130515JNA,hombre,Evan,Velazquez Fernandez,9,29.58,133,104,100/56,36.0,5.20,7219,260267,27,85,12
TAIL8201109UY,mujer,Rebeca,Pacheco Martinez,40,65.31,170,69,124/72,36.7,4.58,4048,290978,36,100,10
EAAA010223X46,hombre,Miguel,Escudero Rodriguez,21,101.29,189,76,120/80,37.7,4.70,9204,310796,42,79,9
BEAE620720XYJ,hombre,Mateo,Valdez Flores,60,86.47,183,82,129/79,36.8,4.83,5392,302568,31,73,11
EORI620515WGT,hombre,David,Lopez Lopez,60,55.91,162,75,133/78,37.1,5.35,6154,238235,31,86,13
OUDT390228IMN,mujer,Karina,Ramirez Navarro,83,58.83,162,65,136/79,36.3,4.53,4032,307675,28,93,11
AERG59092623J,hombre,Liam,Morales Felix,63,62.66,173,71,132/83,37.1,4.74,8028,214619,36,71,13
SUAO661024BQ2,mujer,Ana,Castillo Sanchez,56,58.35,164,75,129/75,37.3,4.90,7500,291693,35,80,8
AONQ961015FG3,hombre,Angel,Diaz Gonzalez,26,72.24,178,86,117/70,36.8,5.05,7974,244246,29,71,8
TAED93032383T,hombre,Javier,Miranda Murrieta,29,70.93,178,88,100/66,37.0,4.60,7477,244772,28,76,6
SARR140708PT0,hombre,Gerardo,Perez Colin,8,21.89,130,90,106/48,36.5,5.14,5380,223250,34,85,12
AUAQ9408151LY,hombre,Emmanuel,Rangel Najera,28,79.28,180,76,121/63,36.7,4.97,5787,282484,30,95,13
PICP690522Z29,mujer,Ana,Carbajal Sanchez,53,58.77,161,67,128/79,37.3,4.52,7116,235807,36,69,9
MEEE4501255W6,mujer,Maria,Alvarado Nuñez,77,56.32,159,69,127/79,36.3,4.40,8222,290048,36,84,10
NEIL0103150JS,mujer,Romina,Aguilar Hernandez,21,86.32,174,83,105/71,37.0,4.63,7396,313055,40,75,10
EEIO650421XUF,hombre,Octavio,Vazquez Rios,57,95.66,189,72,119/85,37.2,4.85,5076,171412,38,75,12
NIDN88042931Z,hombre,Eder,Leal Velasco,34,54.91,162,90,118/66,36.6,5.02,7914,232665,32,79,14
IUID8909296V4,mujer,Maria,Acevedo Rincon,33,53.68,159,90,107/70,37.2,4.68,7450,323866,31,94,15
AOEA970704L91,hombre,Sebastian,Esteban Ramirez,25,64.43,168,76,104/70,37.2,5.26,3462,217557,36,85,13
SAAR860818ÑVE,hombre,Enrique,Juarez Hernandez,36,71.11,178,80,107/76,37.1,4.91,4232,244816,28,89,11
IAEL860809J7W,mujer,Antonia,Rodriguez Jimenez,36,64.69,171,83,134/73,37.4,4.77,4634,293683,30,95,13
DEAN800119K9R,mujer,Yaretzi,Hernandez Medina,42,49.43,156,90,128/82,37.5,4.39,6524,224306,36,87,6
CIDD070326Y2X,hombre,Logan,Uribe Oliva,15,43.30,155,85,109/60,37.1,5.34,5446,253711,43,97,13
OASA560205YRD,hombre,Diego,Santiago Velazquez,66,52.70,164,77,126/89,36.5,5.13,4893,211122,35,75,11
NEUP030313JK6,mujer,Victoria,Pacheco Espinoza,19,57.16,164,76,125/70,37.1,4.71,4961,287794,41,95,8
IEEA041007Q0K,hombre,Adrian,Quiroz Gutierrez,18,55.95,165,85,99/62,37.2,5.14,4950,215233,36,99,13
OODD8408184QH,mujer,Camila,Garcia Aguilar,38,56.31,164,90,101/77,36.7,5.00,5794,230108,32,87,13
OESE930930Z2B,hombre,Diego,Reyna Gomez,29,65.06,174,78,101/61,37.0,5.31,4839,253330,40,79,10
EAML080228XPO,mujer,Renata,Torres Perez,14,49.17,161,99,108/63,36.8,4.66,6392,191383,34,87,8
EIIB400713NT3,mujer,Alexa,Perez Garcia,82,58.18,164,78,104/79,36.8,4.71,8024,260351,33,78,10
IEPP721015R82,hombre,Sebastian,Becerra Heredia,50,68.66,173,74,122/83,36.9,5.15,5498,310051,29,92,12
SOER930630LPU,hombre,Benjamin,Valdez De la rosa,29,71.57,177,71,110/64,37.2,4.62,6136,201998,37,81,12
UEPL021124YS1,mujer,Karla,Lorenzo Sanchez,20,66.83,167,81,126/68,36.8,4.48,7759,197218,35,85,11
CINO79070502U,mujer,Monserrat,Lucas Reyes,43,45.39,150,93,133/82,36.8,4.85,8508,183033,41,102,8
RIOS991025LR6,mujer,Lucia,Morales Santiago,23,65.56,167,73,116/68,37.2,4.67,7200,312902,33,74,12
HIDA111130BSS,mujer,Yamileth,Perez Castillo,11,45.14,149,91,119/78,37.0,4.47,4667,256763,38,82,12
DURC570110E3O,mujer,Yazmin,Sanchez Chavez,65,88.55,176,88,135/84,37.0,4.62,4799,306667,38,99,12
AOSS150426ZBP,hombre,Santiago,Diaz Hernandez,7,23.93,122,108,113/65,36.6,5.22,5291,251370,42,89,13
DEPI920322QEE,hombre,Santiago,Hernandez Gil,30,90.52,187,86,117/64,37.1,4.96,6133,242075,42,80,11
EAML1001201KR,mujer,Melissa,Jimenez Palacios,12,48.65,156,85,112/59,37.3,4.39,6196,170421,37,98,7
DEOY110624TWD,mujer,Cristal,Bernal Diaz,11,40.03,145,96,111/69,36.7,4.40,8300,284521,42,82,11
OURS701013LLK,hombre,Jose,Ramirez Gallegos,52,69.97,179,79,117/88,36.7,5.05,4504,258298,38,70,11
NODE000320FTU,mujer,Victoria,Pantoja Lopez,22,60.29,162,76,124/71,37.3,4.76,7953,347836,37,83,14
AATO9604093Y8,mujer,Fatima,Cruz Barbosa,26,77.60,172,89,117/77,36.9,4.72,7553,282117,40,79,12
EOED120301G9B,mujer,Elisa,Contreras Ruiz,10,39.41,144,95,102/63,36.0,4.43,8565,324382,35,81,8
YATI800617YNU,hombre,Jose,Martinez Vazquez,42,79.98,182,82,129/82,37.2,4.91,7794,192434,35,94,11
EASN550630U6C,hombre,Alan,Diaz Tun,67,69.64,178,97,115/80,36.2,4.54,6884,241951,41,71,15
CAER5606254WV,mujer,Melisa,Gomez Mendoza,66,49.45,156,77,115/78,36.3,4.92,8862,242619,39,79,10
PILA4602128PW,mujer,Noemi,Bautista Hernandez,76,66.45,168,68,120/83,36.5,4.96,8619,261451,34,99,8
LASR960122UQN,mujer,Melissa,Gonzalez Perez,26,66.38,168,75,118/62,36.6,4.24,5578,244419,30,88,12
IEYO1709105YD,hombre,Jesus,Sanchez Jimenez,5,22.10,116,106,91/50,36.3,5.06,5778,217770,43,89,11
IEHE100506W2G,mujer,Victoria,Moo Osorio,12,48.75,158,96,99/65,36.7,4.14,5136,241948,35,100,12
ZAEC440305RXF,hombre,Jesus,Martinez Acosta,78,67.30,178,76,114/77,35.9,4.78,8573,235441,38,88,7
EOIT8705088TL,hombre,Dylan,Benitez Palacios,35,65.79,173,75,124/79,37.1,5.04,7665,163096,38,83,13
EETE1603155C8,mujer,Barbara,Escamilla Sanchez,6,20.61,113,108,95/52,37.1,4.69,4757,158292,32,99,11
AIEO840213LV2,hombre,Jose,Marroquin Ortega,38,78.32,184,78,112/70,37.3,5.13,5895,210383,34,85,15
PEAS2009265HP,hombre,Juan,Martinez Avila,2,17.17,92,80,99/76,37.1,5.16,4647,224024,42,92,10
SOSU110721E8S,hombre,Matias,Hernandez Juarez,11,28.30,134,98,100/66,37.2,4.97,4970,273827,31,87,13
LUCP1310279LA,mujer,Samantha,Herrera Rodriguez,9,26.88,132,94,81/54,36.5,4.93,7542,349980,35,87,12
TAAN530625DEM,mujer,Danna,Rivera Vazquez,69,45.96,153,70,142/79,36.0,4.47,6263,236890,29,74,11
YIIL970814QNO,mujer,Esther,Jaime Varela,25,52.58,159,72,100/66,36.9,4.51,7505,267543,38,90,9
IUBR691126830,hombre,Miguel,Sifuentes Murillo,53,90.18,185,81,140/74,37.1,4.71,6543,211133,29,100,15
RAQA9904050DL,hombre,Diego,Gaytan Cardona,23,81.94,181,89,108/66,36.8,5.02,5513,213159,39,79,14
IIEN0209198MF,mujer,Julieta,Suarez Hernandez,20,58.84,162,80,115/78,36.8,4.56,7842,238196,31,99,15
PUDN160910C1F,hombre,Sergio,Velazco Naranjo,6,19.81,114,95,107/69,36.7,4.83,5538,177058,31,93,10
GUAC4401222ID,hombre,Luis,Ramirez Barbosa,78,71.82,177,79,119/84,36.7,4.47,6361,253785,39,83,11
TILP781127ÑKH,mujer,Esmeralda,Hernandez Hernandez,44,62.55,165,99,141/82,36.7,4.39,7505,236128,36,94,9
DEIL020607UFD,hombre,Nicolas,Perez Noriega,20,69.94,177,73,130/72,36.9,4.78,7013,213869,35,80,12
SALE9006257IL,mujer,Valentina,Soria Escobar,32,45.44,152,73,122/75,37.5,4.36,4270,299281,36,89,10
AETP950619RD6,mujer,Itzel,Frausto Hernandez,27,58.29,163,82,128/77,36.9,4.61,4050,233076,30,85,15
RARE900815MQ9,mujer,Diana,Silverio Molina,32,66.65,167,79,127/73,36.9,4.89,7041,282007,37,90,7
DASD160729ZB5,mujer,Yamileth,Cruz Preciado,6,21.70,121,90,101/61,35.5,5.06,5309,188089,36,86,8
IOIS8208015SW,mujer,Ana,Gonzalez Ortiz,40,83.58,173,61,113/61,36.6,4.16,6877,281680,32,100,11
UAEN090909TDD,hombre,Jose,Garcia Zamora,13,61.24,167,70,103/56,37.2,5.51,7043,213069,34,69,7
QISB031205TD6,mujer,Emma,Carmona Garcia,19,66.20,169,74,122/68,36.8,4.60,5109,262868,39,93,15
TEDP040625I0P,mujer,Evelin,Bautista Trinidad,18,58.51,167,71,112/77,37.4,4.25,7090,287357,36,94,10
OECE741029B4A,hombre,Efrain,Valdez Reyes,48,95.83,189,78,117/80,36.9,4.72,5948,310689,32,91,11
IOUO831128K4L,mujer,Sofia,Gomez Hernandez,39,48.98,153,75,125/71,37.2,4.68,6792,253200,42,101,12
AEDS861024TXT,hombre,Rafael,Hernandez Martinez,36,72.23,178,76,115/65,37.3,4.97,5606,221308,35,100,14
CUSS680322VZD,mujer,Mia,Hernandez Pineda,54,52.42,156,86,123/71,37.5,4.90,7774,317592,38,91,11
LAST950430ZM1,hombre,Brandon,Arroyo Gonzalez,27,65.61,173,79,120/68,36.5,5.23,6110,184260,30,104,11
AIRA211106DXA,hombre,Angel,Vazquez Hernandez,1,11.12,75,117,81/56,36.8,5.33,7983,268362,30,105,12
LETN711204PTU,hombre,Lucas,Alvarez Herrera,51,70.67,178,84,117/78,37.0,4.88,7782,206687,28,84,13
SOEI150120JR4,hombre,Jose,Hernandez Garduño,7,22.61,123,102,114/54,36.4,5.04,5993,178221,30,96,15
OEEP820520GJ4,mujer,Aitana,Lopez Chuc,40,51.58,158,67,113/78,37.5,4.75,6571,264068,37,112,9
RAML94032849F,hombre,Pedro,Pineda Ruvalcaba,28,57.48,169,65,104/70,37.4,5.49,7118,202961,30,87,8
RESI720802HFH,mujer,Vanessa,Urbina Rivera,50,59.15,163,75,131/82,36.7,4.67,8295,279383,37,91,14
SAOV090802BFP,hombre,Jesus,Garcia Vazquez,13,70.61,169,75,111/51,37.2,4.80,6493,207505,37,91,16
AAEC21121559G,mujer,Maria,Guzman Vazquez,1,9.80,74,120,85/55,36.0,3.95,7306,278950,33,78,8
AAPE9812215QY,hombre,Jose,Mendez Miranda,24,80.00,182,76,108/71,37.8,5.09,6581,230103,37,86,14
RASE921111T62,mujer,Arleth,Diaz Segundo,30,56.20,162,85,97/74,37.2,4.12,3721,184589,37,86,9
XEAO481117R7O,hombre,Dylan,Garcia Dominguez,74,59.37,169,86,121/81,36.0,5.20,4138,206831,35,86,13
IUCI8902223LC,mujer,Carla,Ramirez Dominguez,33,52.29,158,73,106/76,37.3,4.32,4556,303763,34,89,14
LAPC9003016D6,mujer,Angela,Negrete Gonzalez,32,58.94,163,98,119/66,36.4,4.37,6380,237519,39,91,10
BEES160723Q4T,mujer,Julieta,Vazquez Blas,6,21.23,120,101,90/72,36.6,4.46,6868,291071,40,88,12
EANI180602QL6,mujer,Jimena,Perez Hidalgo,4,18.83,104,75,96/60,37.2,4.10,9332,267577,38,86,10
AIIN140713JQH,hombre,Jesus,Amador Ferrer,8,28.31,127,100,102/70,37.4,4.75,6411,243532,32,90,15
PEAL050104WT4,mujer,Lia,Francisco Verduzco,17,57.09,163,92,103/75,37.0,4.37,5494,289326,35,88,13
SIEQ641019OZJ,hombre,Emmanuel,Diaz Puentes,58,96.66,189,79,135/83,37.1,5.22,6841,179219,37,96,11
OIAN090614POK,mujer,Danna,Garcia Lopez,13,68.16,168,84,87/57,37.2,4.87,6669,179820,36,92,6
EENL89030186L,mujer,Daniela,Ramirez Zambrano,33,59.07,162,92,120/72,37.0,4.62,8688,257120,33,79,11
AAEL951203ES9,mujer,Ana,Hernandez Sanchez,27,52.38,158,90,102/73,37.5,4.77,4712,257972,31,67,12
HOID210815W3M,hombre,Dylan,Sanchez Cruz,1,11.52,75,107,85/66,36.2,4.85,6951,202655,42,93,11
LIDD391230C4T,hombre,Jose,Bautista Silva,83,89.23,186,89,129/81,35.5,4.60,5177,229868,37,98,10
CAOL731206FRN,hombre,Hugo,Ayala Lopez,49,81.24,179,85,144/79,36.9,5.49,8019,213911,33,92,8
SAUP190706IOÑ,mujer,Ana,Garza Espinoza,3,14.08,94,100,89/45,36.6,4.64,3613,354308,40,76,11
IOES160208ÑKO,hombre,Matteo,Hernandez Delgado,6,23.18,116,84,110/53,36.7,4.43,9247,275616,31,100,11
RERM730729ÑHG,mujer,Emma,Hernandez Torres,49,52.40,159,74,136/74,36.6,4.38,6393,231531,35,98,10
LULT960115WMD,hombre,Jesus,Enriquez Sosa,26,71.29,177,67,108/61,37.2,4.88,6892,205706,40,94,7
SAMO1605250VO,mujer,Regina,Trujillo Medina,6,22.13,123,94,86/63,36.9,5.04,8131,295266,35,73,10
FOAD831015HWW,hombre,Esteban,Villeda Gonzalez,39,56.41,170,67,114/68,37.3,4.70,7434,243858,36,74,9
AEOO071028MP8,mujer,Elizabeth,Ramirez Feliciano,15,52.64,165,61,111/66,37.1,4.77,3650,235964,40,88,12
TAIA120718WH8,mujer,Isabel,Elias Baez,10,39.22,142,89,108/60,37.0,4.79,7280,319959,34,69,8
EOII9807037RE,mujer,Maria,Lezama Gonzalez,24,76.39,172,65,114/73,37.4,4.58,6580,212299,38,83,14
TAOZ6506274WÑ,hombre,Emmanuel,Ramirez Jaimes,57,58.10,169,61,134/86,37.2,4.47,5687,270275,32,102,10
QALO050928UL8,mujer,Alexa,Carlos Zuñiga,17,55.78,163,79,109/57,37.2,4.63,6317,249562,41,92,13
SOAE9802157T0,mujer,Ana,Mendoza Barrera,24,46.18,152,67,111/73,36.7,4.48,7653,239212,31,76,7
SESE920929467,hombre,Jesus,Rosales Cruz,30,57.01,166,84,99/70,37.4,5.31,5601,213852,29,78,9
OOUI410510Y4H,hombre,Carlos,Ek Sierra,81,63.38,171,86,111/74,36.2,4.87,7517,262622,36,94,6
REET960101XCR,mujer,Renata,Rodriguez Castro,26,56.72,163,72,103/69,36.7,4.16,5480,201858,42,83,11
LELA780413K7K,mujer,Renata,Rodriguez Carbajal,44,57.17,163,80,125/82,36.8,4.39,7208,332908,36,109,13
TEEN8710013Q3,mujer,Yoselin,Farias Ortiz,35,54.17,159,86,130/67,36.6,4.40,6830,297800,32,84,8
EOEB590517UPV,hombre,Dylan,Flores Ortiz,63,63.11,169,87,115/80,37.2,4.39,6085,269789,28,78,11
MOQC860223IRF,hombre,Santiago,Dominguez Ramos,36,79.81,182,76,114/78,37.0,4.60,8282,187552,33,75,9
AALU011122W2W,hombre,Jose,Hernandez Castillo,21,70.61,178,71,124/73,36.9,4.92,7503,257122,37,80,9
IOST881225BV1,mujer,Lucia,Flores Guzman,34,67.32,166,85,118/63,37.3,4.78,6134,175431,37,78,14
AASU140905SPE,hombre,Ian,Lopez Amezcua,8,35.91,136,83,92/45,37.1,4.53,7286,279830,30,86,10
PIUA1905254LG,hombre,Matias,Cruz Corona,3,18.92,100,109,95/58,36.5,4.76,6138,199282,31,100,11
IEEU6203295W5,mujer,Monserrat,Gonzalez Cortes,60,59.34,163,92,119/84,37.0,4.81,6542,326009,40,90,7
LAEC200212J5H,mujer,Saori,Mendoza Sanchez,2,11.98,87,113,82/54,37.0,5.03,6074,305864,31,95,9
OELA920623EH6,hombre,Joel,Patricio Roblero,30,68.76,175,75,110/62,37.2,5.05,5763,228146,39,80,13
AITR9007219CV,hombre,Dylan,Pozos Zavala,32,71.99,177,80,109/80,36.0,4.70,7006,218233,39,83,12
NEEE760924DCY,mujer,Dafne,Rubio Galvan,46,54.35,159,79,125/84,36.9,4.75,5754,206448,35,84,10
DAOM750622CTB,mujer,Naomi,Martinez Hernandez,47,67.80,168,81,111/76,36.9,4.91,5803,219492,34,78,14
OAAL021209QDM,hombre,Abdiel,De la rosa Gutierrez,20,64.22,173,82,114/76,37.0,4.72,5768,223737,35,80,9
REDS901118DUJ,hombre,Sebastian,Hernandez Olivares,32,54.83,163,72,106/71,36.9,4.91,7110,187595,35,79,13
AUAG000515F3C,hombre,Miguel,Ayala Castillo,22,73.28,177,90,113/65,36.4,4.96,5914,272418,39,81,13
EUIC9602028WD,mujer,Lucia,Garcia Vasquez,26,87.55,170,77,123/71,37.3,4.65,3971,263296,34,99,10
AAEE120907J15,mujer,Montserrat,Silva Sanchez,10,37.90,146,91,99/50,37.1,4.72,6334,226481,42,82,9
SAMN1510287VT,hombre,Omar,Mendoza Ramirez,7,23.65,123,99,98/54,36.0,5.11,7468,191756,31,83,12
AIOO690720DOT,mujer,Valeria,Lara Nieto,53,69.18,167,100,144/76,36.3,4.30,8902,242712,43,78,7
MEON881217K83,mujer,Ana,Carrillo Reyes,34,57.46,162,65,117/64,36.9,4.33,7609,254484,35,100,14
UALL990629L7A,mujer,Paulina,Pelayo Garcia,23,47.99,147,91,110/79,37.3,4.32,5903,288873,38,87,14
EUQR841117PSW,mujer,Nahomi,Camacho Mendez,38,73.56,172,90,127/79,36.6,4.20,8998,222684,32,81,10
EALD171022I9E,hombre,Misael,Garcia Ortega,5,17.73,106,91,114/58,36.9,5.13,8203,179738,34,87,9
TEPL791013PQ2,mujer,Daniela,Guzman Mateos,43,66.90,170,68,118/77,37.1,4.31,7527,323716,41,88,16
MEPU2012023PD,mujer,Meredith,Martinez Hernandez,2,14.38,88,86,102/70,36.2,4.44,7900,277646,37,85,13
SUEG801029PJB,mujer,Fabiola,Carrillo Lopez,42,67.82,170,97,125/78,37.1,4.24,8529,195688,33,90,11
CEUN091206FAI,mujer,Valentina,Jimenez Meza,13,53.77,162,76,98/66,37.0,4.66,7739,191900,38,88,15
OAOE891125Q9W,mujer,Ximena,Resendiz Alba,33,56.13,157,68,98/67,37.1,4.39,4229,276392,39,93,15
ÑESN0302102O8,hombre,Axel,Hernandez Rojas,19,54.29,167,79,103/77,37.1,4.71,6064,270071,29,103,14
REIA920408Ñ58,mujer,Valentina,Hernandez Angeles,30,67.47,170,68,132/73,37.3,4.48,5217,243330,40,87,15
EERE040730CR5,hombre,Alexander,Uc Enciso,18,58.01,172,75,101/69,36.7,4.88,5518,254468,30,82,9
RAIA050407NXJ,hombre,Mateo,Carbajal Muñoz,17,74.04,179,88,109/61,36.9,4.88,6748,164400,39,93,11
OILU710903MEJ,hombre,Liam,Ramirez Galeana,51,62.45,174,87,130/79,36.8,5.10,5981,212995,29,94,12
AIET120613UNN,hombre,Daniel,Ortiz Cristobal,10,42.41,146,89,99/65,36.2,5.17,4767,225086,36,75,10
AEYN780320WZ2,mujer,Alexia,Hernandez Bautista,44,47.60,150,82,134/78,36.5,4.99,6977,260618,36,100,9
POIE140326SFZ,hombre,Mateo,Jimenez Ramirez,8,22.33,119,106,94/62,36.3,4.74,5606,247711,34,69,7
SOEE1008116Y9,hombre,Vicente,Flores Garcia,12,40.10,149,74,82/63,37.2,5.05,6244,232452,34,67,15
EENE7111078L5,mujer,Mariana,Hernandez Salazar,51,58.47,164,83,122/75,37.0,4.37,6449,219408,35,86,9
REOO200305UBT,hombre,Santiago,Gutierrez Hernandez,2,14.47,86,85,97/49,36.4,4.98,7118,274563,29,83,10
IOAE570316W82,mujer,Ana,Hernandez Jimenez,65,83.53,174,62,125/79,37.2,4.15,8421,199037,34,90,12
IUBR561218LÑÑ,hombre,Juan,Ruiz Ramos,66,69.29,179,84,100/79,36.5,4.75,4283,212127,44,83,10
OAIE890724SK7,mujer,Allison,Chacon Roman,33,76.50,171,100,116/73,36.8,4.32,5622,290413,37,99,8
DAMD810622TE0,mujer,Aurora,Ahumada Reyes,41,53.90,158,87,126/85,36.6,4.92,5278,212280,34,110,10
TORE2108291VR,mujer,Sophia,Hinojosa Perez,1,10.51,76,129,83/55,37.0,4.52,6898,334527,36,68,9
AEOU0703120XU,mujer,Frida,Najera Juarez,15,48.31,158,89,108/69,37.1,4.61,8296,338239,42,99,10
LAER610903ZVV,hombre,Juan,Perez Ruiz,61,52.38,165,82,106/84,36.9,5.18,8121,150603,37,94,12
LAEC96101672K,hombre,Axel,Chaparro Toledo,26,60.37,168,75,96/72,37.3,5.29,7750,176364,30,103,10
AIGS790123OG6,mujer,Maria,Mendoza Gallegos,43,44.25,152,71,122/77,37.2,4.50,5308,301446,36,109,9
OIRD800611JV5,mujer,Mariel,Rivera Aviña,42,61.24,162,78,121/83,37.2,5.03,5547,290626,37,105,12
DORV101031ÑBT,mujer,Carolina,Rivera Hernandez,12,48.90,155,100,103/70,37.5,4.63,5983,192784,30,87,14
EIOE750710DVB,hombre,Ismael,Temoxtle Mata,47,88.70,187,85,122/85,36.6,5.29,8418,264632,33,87,12
OORR980608OOM,mujer,Sofia,Barron Lucero,24,58.80,164,78,120/64,36.6,4.36,5433,267157,34,93,13
UEEQ780520WQR,mujer,Sara,Lazaro Rodriguez,44,66.52,168,79,121/78,36.8,4.53,6354,171459,31,76,8
PAAS950513G79,hombre,Damian,Tiburcio Calva,27,52.61,162,76,116/62,37.4,4.93,5578,205589,39,102,9
EEIT960108Y6E,mujer,Damaris,Ruiz Tadeo,26,83.04,171,93,111/70,37.3,4.31,8677,356720,39,89,8
AEMC060322S02,mujer,Mia,Gonzalez Morales,16,47.80,156,75,105/54,36.9,4.44,7461,334829,33,90,9
AAER0003133X7,hombre,Jonathan,Hernandez Gutierrez,22,80.21,182,78,116/73,36.7,5.19,5813,204016,38,85,12
TIRE190119A4A,hombre,Jesus,De leon Hernandez,3,11.70,90,93,113/68,36.9,5.03,7028,253056,36,94,10
TIAC050815YNU,mujer,Alexa,Garcia Ayala,17,45.29,152,88,105/63,37.5,4.56,6056,255517,34,101,13
QUEE161122TWZ,mujer,Zoe,Hernandez Colunga,6,30.34,122,87,110/55,36.4,4.14,7292,295020,35,79,12
SOEN930314ÑI0,hombre,Alejandro,Carbajal Becerra,29,89.54,183,81,123/70,36.8,5.23,8556,228450,35,90,13
AEBY980328TSN,hombre,Angel,Coronado Hernandez,24,72.01,176,75,99/63,37.3,5.31,7021,145499,42,89,10
NACE530525PZV,mujer,Valentina,Morales Perez,69,75.68,173,82,108/82,36.0,4.36,5914,315154,42,84,12
EIAR9304033Ñ4,mujer,Maria,Guzman Lopez,29,58.79,166,88,113/73,37.4,4.46,6696,261523,39,94,7
NEHN691207UÑW,hombre,Alejandro,Huerta Perez,53,65.36,172,80,129/74,36.9,4.99,4530,283463,32,90,13
EEUN790312LNQ,mujer,Mayte,Carmona Martinez,43,64.89,168,83,137/88,37.4,4.60,8105,184047,39,91,11
REUA0911301T5,hombre,Ivan,Ruiz Martinez,13,45.02,157,82,97/49,37.3,5.38,4946,186574,38,77,14
OAAE150918QFZ,hombre,Damian,Alvarado Herrera,7,26.04,126,79,86/54,36.7,5.09,5349,169552,37,80,11
COSC8102014DI,hombre,Carlos,Sanchez Garcia,41,70.17,178,76,120/85,37.4,5.17,5554,181970,34,72,13
RINE911018W6A,mujer,Andrea,Gonzalez Sanchez,31,46.90,151,82,118/67,37.1,4.30,7252,205184,36,106,9
